Workbook
Name DC_CCC: 'SANS Data'!$B$68:$D$82
Name DC_Method: 'SANS Data'!$B$67:$D$67
Name DC_Prot: 'SANS Data'!$G$68:$G$99
Name DC_R: 'SANS Data'!$E$68:$E$82
Name DC_Size: 'SANS Data'!$A$68:$A$82
Name DC_Types: 'SANS Data'!$A$61:$A$64
Name DC_TypeTbl: 'SANS Data'!$A$61:$G$64
Name Dev_t: 'SANS Data'!$X$42:$X$44
Name Dev_Type: 'SANS Data'!$W$42:$W$44
Name Fac_Al: 'SANS Data'!$B$5
Name Fac_AlmV: 'SANS Data'!$B$6
Name Fac_BrkSF: 'SANS Data'!$X$52
Name Fac_CuAlpha: 'SANS Data'!$B$56
Name Fac_DCDerate: 'SANS Data'!$B$54
Name Fac_DCMaxRuns: 'SANS Data'!$B$57
Name Fac_DCMaxV: 'SANS Data'!$B$58
Name Fac_DCTemp: 'SANS Data'!$B$55
Name Fac_Derate: 'SANS Data'!$B$7
Name Fac_MaxRuns: 'SANS Data'!$B$9
Name Fac_MaxSize: 'SANS Data'!$B$10
Name Fac_Rubber: 'SANS Data'!$B$11
Name Fac_Trefoil: 'Cable Data'!$B$28
Name Fac_VdLimit: 'SANS Data'!$B$8
Name Fac_XLPE: 'SANS Data'!$B$4
Name Grp_Cg: 'SANS Data'!$Z$14:$AE$29
Name Grp_Eff: 'SANS Data'!$AH$14:$AM$29
Name Grp_Key: 'SANS Data'!$W$14:$W$29
Name Grp_N: 'SANS Data'!$Z$13:$AE$13
Name Ir_Min: 'SANS Data'!$X$48:$X$50
Name Ir_Step: 'SANS Data'!$Y$48:$Y$50
Name Ir_Type: 'SANS Data'!$W$48:$W$50
Name List_Spacing: 'SANS Data'!$AO$14:$AO$20
Name Map_Cores: 'SANS Data'!$T$14:$V$18
Name Map_Install: 'SANS Data'!$Q$14:$S$21
Name SANS_Breaker: 'SANS Data'!$O$14:$O$42
Name SANS_BrkType: 'SANS Data'!$P$14:$P$42
Name SANS_CCC: 'Cable Data'!$B$7:$K$25
Name SANS_CCC_Rub: 'Cable Data'!$L$7:$U$25
Name SANS_CCCkey: 'Cable Data'!$B$6:$K$6
Name SANS_mV: 'Cable Data'!$W$7:$AD$25
Name SANS_Size: 'Cable Data'!$A$7:$A$25
Name SC_k: 'SANS Data'!$Z$33:$Z$38
Name SC_kKey: 'SANS Data'!$W$33:$W$38

Sheet Cables Sizes
D1: =UPPER(IF($R$1="","Project Name",$R$1))&CHAR(10)&"AC POWER CABLE SCHEDULE" -> PROJECT NAME AC POWER CABLE SCHEDULE | P1: Project Name | V1: Date
P2: Project Number | V2: Revision | X2: 00
P3: Document Number | V3: Designed
P4: Address | V4: Checked
P5: Coordinates | V5: Approved
P6: Client | V6: Rev. Description
A8: AC CABLES – SIZING TO SANS 10142-1 / IEC 60364-5-52
B10: AC Cable Inputs | P10: Calculated Outputs (SANS 10142-1) | AC10: Calculation helpers – do not edit
A11: # | B11: Design Current Ib (A) | C11: Termination Point A | D11: Termination Point B | E11: Installation Method | F11: Cable Distance (m) | G11: System Voltage (V) | H11: Cable Protection | I11: Conductor Insulation | J11: Conductor (Cu/Al) | K11: Cores | L11: Other Derating Ca (ambient/soil) (blank = default) | M11: Spacing between runs (blank = touching) | N11: Fault Level Ik (kA) (blank = not checked) | O11: Fault Clearing Time t (s) (blank = device default) | P11: Cables in Parallel | Q11: Recommended Size (mm2) | R11: Grouping Factor Cg (runs) | S11: Cable CCC – total (A) | T11: Voltage Drop (V) | U11: Voltage Drop (%) | V11: Circuit Breaker Size (A) | W11: Breaker Type | X11: Trip Setting Ir (A) | Y11: Earth Conductor (mm2) | Z11: Cable SC Withstand per run (kA) | AA11: Status | AC11: Inputs OK | AD11: Ref Method | AE11: Loaded | AF11: CCC col | AG11: Insul fac | AH11: Cu/Al fac | AI11: Ca used | AJ11: Breaker raw | AK11: Req base CCC | AL11: mV col | AM11: Al mV fac | AN11: Max base mV | AO11: Runs needed | AP11: Size by CCC | AQ11: Size by VD | AR11: Rec size | AS11: Grp key | AT11: Runs by CCC | AU11: Runs by VD | AV11: Cg used | AW11: k | AX11: t used | AY11: Min S for SC | AZ11: Size by SC | BA11: Single-core | BB11: CCC key | BC11: Input issue
A12: 1 | B12: 2000 | C12: A | D12: B | E12: On Tray/Ladder | F12: 200 | G12: 400 | H12: Armoured | I12: XLPE | J12: Copper | K12: Single-core (3ph trefoil) | P12: =IF($B12="","",IF(NOT($AC12),"",IF(ISNUMBER($AR12),$AO12,""))) -> 5 | Q12: =IF($B12="","",IF(NOT($AC12),"Check inputs",IFERROR($AR12,"Single-core / busbar"))) -> 630 | R12: =IF(OR($B12="",NOT(ISNUMBER($AR12))),"",$AV12) -> 0.75 | S12: {=IF(OR($B12="",NOT(ISNUMBER($AR12))),"",INDEX(IF($I12="Rubber",SANS_CCC_Rub,SANS_CCC),MATCH($AR12,SANS_Size,0),$AF12)*$AG12*$AH12*$AI12*$AV12*$AO12)} -> 4104 | T12: =IF($U12="","",$U12*$G12) -> 11.6 | U12: {=IF(OR($B12="",NOT(ISNUMBER($AR12))),"",INDEX(SANS_mV,MATCH($AR12,SANS_Size,0),$AL12)*$AM12*($B12/$AO12)*$F12/1000/$G12)} -> 0.029 | V12: =IF($B12="","",IF(NOT($AC12),"",IF($AJ12=0,"Exceeds range",$AJ12))) -> 2500 | W12: =IF(OR($B12="",NOT(ISNUMBER($V12))),"",INDEX(SANS_BrkType,MATCH($V12,SANS_Breaker,0))) -> ACB | X12: =IF(OR($B12="",NOT(ISNUMBER($V12))),"",IFERROR(MIN(1,MAX(INDEX(Ir_Min,MATCH($W12,Ir_Type,0)),CEILING(ROUND($B12*Fac_BrkSF/$V12,6),INDEX(Ir_Step,MATCH($W12,Ir_Type,0)))))*$V12,$V12)) -> 2500 | Y12: =IF(NOT(ISNUMBER($AR12)),"",IF($AR12<=16,$AR12,IF($AR12<=35,16,_xlfn.MINIFS(SANS_Size,SANS_Size,">="&$AR12/2)))) -> 400 | Z12: =IF(OR($B12="",NOT(ISNUMBER($AR12))),"",IF($N12="","Not checked",$AW12*$AR12/SQRT($AX12)/1000)) -> Not checked | AA12: {=IF($B12="","",_xlfn.IFS(NOT($AC12),"FAIL – "&$BC12,NOT(ISNUMBER($AR12)),"FAIL – exceeds range",$U12>Fac_VdLimit,"FAIL – volt drop",IF(ISNUMBER($X12),$X12,$V12)<$B12*Fac_BrkSF,"FAIL – breaker < Ib × SF",$S12<IF(ISNUMBER($X12),$X12,$V12),"FAIL – CCC < Ir setting",AND(ISNUMBER($Z12),$N12>$Z12),"FAIL – short circuit",AND($AE12=2,$G12>250),"CHECK – 1ph: use 230 V",AND($AE12=3,$G12<300),"CHECK – 3ph: use 400 V",TRUE,"OK"))} -> OK | AC12: =IF($B12="","",IFERROR(AND(ISNUMBER($B12),$B12>0,ISNUMBER($F12),$F12>0,ISNUMBER($G12),$G12>0,ISNUMBER(MATCH($E12,INDEX(Map_Install,0,1),0)),ISNUMBER(MATCH($K12,INDEX(Map_Cores,0,1),0)),OR($I12="PVC",$I12="XLPE",$I12="Rubber"),OR($J12="Copper",$J12="Aluminium"),OR($L12="",AND(ISNUMBER($L12),$L12>0,$L12<=1.5)),ISNUMBER(MATCH(VLOOKUP($E12,Map_Install,3,FALSE)&"|"&IF($M12="","Touching",$M12),Grp_Key,0)),OR($N12="",AND(ISNUMBER($N12),$N12>0)),OR($O12="",AND(ISNUMBER($O12),$O12>0,$O12<=5)),ISNUMBER(MATCH($BB12,SANS_CCCkey,0)),COUNT(INDEX(IF($I12="Rubber",SANS_CCC_Rub,SANS_CCC),0,MATCH($BB12,SANS_CCCkey,0)))>0,NOT(AND($I12="Rubber",$J12="Aluminium")),NOT(AND(OR($I12="Rubber",$BA12=TRUE),OR(VLOOKUP($E12,Map_Install,2,FALSE)="B",VLOOKUP($E12,Map_Install,2,FALSE)="D")))),FALSE)) -> TRUE | AD12: =IF(OR($B12="",$AC12<>TRUE),"",IF($BA12=TRUE,"F",VLOOKUP($E12,Map_Install,2,FALSE))) -> F | AE12: =IF(OR($B12="",$AC12<>TRUE),"",VLOOKUP($K12,Map_Cores,2,FALSE)) -> 3 | AF12: =IF(OR($B12="",$AC12<>TRUE),"",MATCH($AD12&"|"&$AE12,SANS_CCCkey,0)) -> 10 | AG12: =IF(OR($B12="",$AC12<>TRUE),"",IF($I12="XLPE",Fac_XLPE,1)) -> 1.28 | AH12: =IF(OR($B12="",$AC12<>TRUE),"",IF($J12="Aluminium",Fac_Al,1)) -> 1 | AI12: =IF(OR($B12="",$AC12<>TRUE),"",IF($L12="",Fac_Derate,$L12)) -> 1 | AJ12: =IF(OR($B12="",$AC12<>TRUE),"",_xlfn.MINIFS(SANS_Breaker,SANS_Breaker,">="&$B12*Fac_BrkSF)) -> 2500 | AK12: =IF(OR($B12="",$AC12<>TRUE),"",IF($AJ12=0,0,IFERROR(MIN(1,MAX(INDEX(Ir_Min,MATCH(INDEX(SANS_BrkType,MATCH($AJ12,SANS_Breaker,0)),Ir_Type,0)),CEILING(ROUND($B12*Fac_BrkSF/$AJ12,6),INDEX(Ir_Step,MATCH(INDEX(SANS_BrkType,MATCH($AJ12,SANS_Breaker,0)),Ir_Type,0)))))*$AJ12,$AJ12))/($AI12*$AG12*$AH12)) -> 1953.125 | AL12: =IF(OR($B12="",$AC12<>TRUE),"",IF($I12="Rubber",4,0)+IF($BA12=TRUE,2,0)+IF($AE12=2,1,2)) -> 4 | AM12: =IF(OR($B12="",$AC12<>TRUE),"",IF($J12="Aluminium",Fac_AlmV,1)) -> 1 | AN12: =IF(OR($B12="",$AC12<>TRUE),"",Fac_VdLimit*$G12*1000/($B12*$F12*$AM12)) -> 0.03 | AO12: =IF(OR($B12="",$AC12<>TRUE),"",IF($AT12=0,0,MAX($AT12,$AU12))) -> 5 | AP12: =IF(OR(OR($B12="",$AC12<>TRUE),NOT(ISNUMBER($AV12))),"",_xlfn.MINIFS(SANS_Size,INDEX(IF($I12="Rubber",SANS_CCC_Rub,SANS_CCC),0,$AF12),">="&$AK12/($AO12*$AV12),SANS_Size,"<="&Fac_MaxSize)) -> 300 | AQ12: =IF(OR(OR($B12="",$AC12<>TRUE),NOT(ISNUMBER($AV12))),"",_xlfn.MINIFS(SANS_Size,INDEX(SANS_mV,0,$AL12),"<="&$AN12*$AO12,SANS_Size,"<="&Fac_MaxSize)) -> 630 | AR12: =IF(OR($B12="",$AC12<>TRUE),"",IF(OR($AJ12=0,$AO12=0,$AO12>Fac_MaxRuns,$AP12=0,$AQ12=0),NA(),MAX($AP12,$AQ12,$AZ12))) -> 630 | AS12: =IF(OR($B12="",$AC12<>TRUE),"",VLOOKUP($E12,Map_Install,3,FALSE)&"|"&IF($M12="","Touching",$M12)) -> AIR-TRAY|Touching | AT12: =IF(OR($B12="",$AC12<>TRUE),"",_xlfn.MINIFS(Grp_N,INDEX(Grp_Eff,MATCH($AS12,Grp_Key,0),0),">="&$AK12/_xlfn.MAXIFS(INDEX(IF($I12="Rubber",SANS_CCC_Rub,SANS_CCC),0,$AF12),SANS_Size,"<="&Fac_MaxSize),Grp_N,"<="&Fac_MaxRuns)) -> 3 | AU12: =IF(OR($B12="",$AC12<>TRUE),"",MAX(1,ROUNDUP(_xlfn.MINIFS(INDEX(SANS_mV,0,$AL12),SANS_Size,"<="&Fac_MaxSize)/$AN12,0))) -> 5 | AV12: {=IF(OR($B12="",$AC12<>TRUE),"",IFERROR(IF(OR($AO12=0,$AO12>Fac_MaxRuns),"",INDEX(Grp_Cg,MATCH($AS12,Grp_Key,0),$AO12)),""))} -> 0.75 | AW12: =IF(OR($B12="",$AC12<>TRUE),"",INDEX(SC_k,MATCH($J12&"|"&$I12,SC_kKey,0))) -> 143 | AX12: =IF(OR($B12="",$AC12<>TRUE),"",IF($O12="",IFERROR(INDEX(Dev_t,MATCH(INDEX(SANS_BrkType,MATCH($AJ12,SANS_Breaker,0)),Dev_Type,0)),0.4),$O12)) -> 0.4 | AY12: =IF(OR(OR($B12="",$AC12<>TRUE),$N12=""),"",$N12*1000*SQRT($AX12)/$AW12) | AZ12: =IF(OR($B12="",$AC12<>TRUE),"",IF($N12="",0,IF(_xlfn.MINIFS(SANS_Size,SANS_Size,">="&$AY12,SANS_Size,"<="&Fac_MaxSize,INDEX(IF($I12="Rubber",SANS_CCC_Rub,SANS_CCC),0,$AF12),">0")=0,NA(),_xlfn.MINIFS(SANS_Size,SANS_Size,">="&$AY12,SANS_Size,"<="&Fac_MaxSize,INDEX(IF($I12="Rubber",SANS_CCC_Rub,SANS_CCC),0,$AF12),">0")))) -> 0 | BA12: =IF($B12="","",IFERROR(INDEX(Map_Cores,MATCH($K12,INDEX(Map_Cores,0,1),0),3)=1,FALSE)) -> TRUE | BB12: =IF($B12="","",IFERROR(IF($BA12=TRUE,"F",VLOOKUP($E12,Map_Install,2,FALSE))&"|"&VLOOKUP($K12,Map_Cores,2,FALSE),"")) -> F|3 | BC12: {=IF(OR($B12="",$AC12=TRUE),"",IFERROR(_xlfn.IFS(AND($I12="Rubber",$J12="Aluminium"),"H07RN-F is copper only",AND($I12="Rubber",OR(VLOOKUP($E12,Map_Install,2,FALSE)="B",VLOOKUP($E12,Map_Install,2,FALSE)="D")),"rubber flex not rated in conduit/buried",AND($BA12=TRUE,OR(VLOOKUP($E12,Map_Install,2,FALSE)="B",VLOOKUP($E12,Map_Install,2,FALSE)="D")),"single-core: air/surface/tray only – use multicore",TRUE,"check inputs (spacing valid for install?)"),"check inputs"))}
A13: 2 | P13: =IF($B13="","",IF(NOT($AC13),"",IF(ISNUMBER($AR13),$AO13,""))) | Q13: =IF($B13="","",IF(NOT($AC13),"Check inputs",IFERROR($AR13,"Single-core / busbar"))) | R13: =IF(OR($B13="",NOT(ISNUMBER($AR13))),"",$AV13) | S13: {=IF(OR($B13="",NOT(ISNUMBER($AR13))),"",INDEX(IF($I13="Rubber",SANS_CCC_Rub,SANS_CCC),MATCH($AR13,SANS_Size,0),$AF13)*$AG13*$AH13*$AI13*$AV13*$AO13)} | T13: =IF($U13="","",$U13*$G13) | U13: {=IF(OR($B13="",NOT(ISNUMBER($AR13))),"",INDEX(SANS_mV,MATCH($AR13,SANS_Size,0),$AL13)*$AM13*($B13/$AO13)*$F13/1000/$G13)} | V13: =IF($B13="","",IF(NOT($AC13),"",IF($AJ13=0,"Exceeds range",$AJ13))) | W13: =IF(OR($B13="",NOT(ISNUMBER($V13))),"",INDEX(SANS_BrkType,MATCH($V13,SANS_Breaker,0))) | X13: =IF(OR($B13="",NOT(ISNUMBER($V13))),"",IFERROR(MIN(1,MAX(INDEX(Ir_Min,MATCH($W13,Ir_Type,0)),CEILING(ROUND($B13*Fac_BrkSF/$V13,6),INDEX(Ir_Step,MATCH($W13,Ir_Type,0)))))*$V13,$V13)) | Y13: =IF(NOT(ISNUMBER($AR13)),"",IF($AR13<=16,$AR13,IF($AR13<=35,16,_xlfn.MINIFS(SANS_Size,SANS_Size,">="&$AR13/2)))) | Z13: =IF(OR($B13="",NOT(ISNUMBER($AR13))),"",IF($N13="","Not checked",$AW13*$AR13/SQRT($AX13)/1000)) | AA13: {=IF($B13="","",_xlfn.IFS(NOT($AC13),"FAIL – "&$BC13,NOT(ISNUMBER($AR13)),"FAIL – exceeds range",$U13>Fac_VdLimit,"FAIL – volt drop",IF(ISNUMBER($X13),$X13,$V13)<$B13*Fac_BrkSF,"FAIL – breaker < Ib × SF",$S13<IF(ISNUMBER($X13),$X13,$V13),"FAIL – CCC < Ir setting",AND(ISNUMBER($Z13),$N13>$Z13),"FAIL – short circuit",AND($AE13=2,$G13>250),"CHECK – 1ph: use 230 V",AND($AE13=3,$G13<300),"CHECK – 3ph: use 400 V",TRUE,"OK"))} | AC13: =IF($B13="","",IFERROR(AND(ISNUMBER($B13),$B13>0,ISNUMBER($F13),$F13>0,ISNUMBER($G13),$G13>0,ISNUMBER(MATCH($E13,INDEX(Map_Install,0,1),0)),ISNUMBER(MATCH($K13,INDEX(Map_Cores,0,1),0)),OR($I13="PVC",$I13="XLPE",$I13="Rubber"),OR($J13="Copper",$J13="Aluminium"),OR($L13="",AND(ISNUMBER($L13),$L13>0,$L13<=1.5)),ISNUMBER(MATCH(VLOOKUP($E13,Map_Install,3,FALSE)&"|"&IF($M13="","Touching",$M13),Grp_Key,0)),OR($N13="",AND(ISNUMBER($N13),$N13>0)),OR($O13="",AND(ISNUMBER($O13),$O13>0,$O13<=5)),ISNUMBER(MATCH($BB13,SANS_CCCkey,0)),COUNT(INDEX(IF($I13="Rubber",SANS_CCC_Rub,SANS_CCC),0,MATCH($BB13,SANS_CCCkey,0)))>0,NOT(AND($I13="Rubber",$J13="Aluminium")),NOT(AND(OR($I13="Rubber",$BA13=TRUE),OR(VLOOKUP($E13,Map_Install,2,FALSE)="B",VLOOKUP($E13,Map_Install,2,FALSE)="D")))),FALSE)) | AD13: =IF(OR($B13="",$AC13<>TRUE),"",IF($BA13=TRUE,"F",VLOOKUP($E13,Map_Install,2,FALSE))) | AE13: =IF(OR($B13="",$AC13<>TRUE),"",VLOOKUP($K13,Map_Cores,2,FALSE)) | AF13: =IF(OR($B13="",$AC13<>TRUE),"",MATCH($AD13&"|"&$AE13,SANS_CCCkey,0)) | AG13: =IF(OR($B13="",$AC13<>TRUE),"",IF($I13="XLPE",Fac_XLPE,1)) | AH13: =IF(OR($B13="",$AC13<>TRUE),"",IF($J13="Aluminium",Fac_Al,1)) | AI13: =IF(OR($B13="",$AC13<>TRUE),"",IF($L13="",Fac_Derate,$L13)) | AJ13: =IF(OR($B13="",$AC13<>TRUE),"",_xlfn.MINIFS(SANS_Breaker,SANS_Breaker,">="&$B13*Fac_BrkSF)) | AK13: =IF(OR($B13="",$AC13<>TRUE),"",IF($AJ13=0,0,IFERROR(MIN(1,MAX(INDEX(Ir_Min,MATCH(INDEX(SANS_BrkType,MATCH($AJ13,SANS_Breaker,0)),Ir_Type,0)),CEILING(ROUND($B13*Fac_BrkSF/$AJ13,6),INDEX(Ir_Step,MATCH(INDEX(SANS_BrkType,MATCH($AJ13,SANS_Breaker,0)),Ir_Type,0)))))*$AJ13,$AJ13))/($AI13*$AG13*$AH13)) | AL13: =IF(OR($B13="",$AC13<>TRUE),"",IF($I13="Rubber",4,0)+IF($BA13=TRUE,2,0)+IF($AE13=2,1,2)) | AM13: =IF(OR($B13="",$AC13<>TRUE),"",IF($J13="Aluminium",Fac_AlmV,1)) | AN13: =IF(OR($B13="",$AC13<>TRUE),"",Fac_VdLimit*$G13*1000/($B13*$F13*$AM13)) | AO13: =IF(OR($B13="",$AC13<>TRUE),"",IF($AT13=0,0,MAX($AT13,$AU13))) | AP13: =IF(OR(OR($B13="",$AC13<>TRUE),NOT(ISNUMBER($AV13))),"",_xlfn.MINIFS(SANS_Size,INDEX(IF($I13="Rubber",SANS_CCC_Rub,SANS_CCC),0,$AF13),">="&$AK13/($AO13*$AV13),SANS_Size,"<="&Fac_MaxSize)) | AQ13: =IF(OR(OR($B13="",$AC13<>TRUE),NOT(ISNUMBER($AV13))),"",_xlfn.MINIFS(SANS_Size,INDEX(SANS_mV,0,$AL13),"<="&$AN13*$AO13,SANS_Size,"<="&Fac_MaxSize)) | AR13: =IF(OR($B13="",$AC13<>TRUE),"",IF(OR($AJ13=0,$AO13=0,$AO13>Fac_MaxRuns,$AP13=0,$AQ13=0),NA(),MAX($AP13,$AQ13,$AZ13))) | AS13: =IF(OR($B13="",$AC13<>TRUE),"",VLOOKUP($E13,Map_Install,3,FALSE)&"|"&IF($M13="","Touching",$M13)) | AT13: =IF(OR($B13="",$AC13<>TRUE),"",_xlfn.MINIFS(Grp_N,INDEX(Grp_Eff,MATCH($AS13,Grp_Key,0),0),">="&$AK13/_xlfn.MAXIFS(INDEX(IF($I13="Rubber",SANS_CCC_Rub,SANS_CCC),0,$AF13),SANS_Size,"<="&Fac_MaxSize),Grp_N,"<="&Fac_MaxRuns)) | AU13: =IF(OR($B13="",$AC13<>TRUE),"",MAX(1,ROUNDUP(_xlfn.MINIFS(INDEX(SANS_mV,0,$AL13),SANS_Size,"<="&Fac_MaxSize)/$AN13,0))) | AV13: {=IF(OR($B13="",$AC13<>TRUE),"",IFERROR(IF(OR($AO13=0,$AO13>Fac_MaxRuns),"",INDEX(Grp_Cg,MATCH($AS13,Grp_Key,0),$AO13)),""))} | AW13: =IF(OR($B13="",$AC13<>TRUE),"",INDEX(SC_k,MATCH($J13&"|"&$I13,SC_kKey,0))) | AX13: =IF(OR($B13="",$AC13<>TRUE),"",IF($O13="",IFERROR(INDEX(Dev_t,MATCH(INDEX(SANS_BrkType,MATCH($AJ13,SANS_Breaker,0)),Dev_Type,0)),0.4),$O13)) | AY13: =IF(OR(OR($B13="",$AC13<>TRUE),$N13=""),"",$N13*1000*SQRT($AX13)/$AW13) | AZ13: =IF(OR($B13="",$AC13<>TRUE),"",IF($N13="",0,IF(_xlfn.MINIFS(SANS_Size,SANS_Size,">="&$AY13,SANS_Size,"<="&Fac_MaxSize,INDEX(IF($I13="Rubber",SANS_CCC_Rub,SANS_CCC),0,$AF13),">0")=0,NA(),_xlfn.MINIFS(SANS_Size,SANS_Size,">="&$AY13,SANS_Size,"<="&Fac_MaxSize,INDEX(IF($I13="Rubber",SANS_CCC_Rub,SANS_CCC),0,$AF13),">0")))) | BA13: =IF($B13="","",IFERROR(INDEX(Map_Cores,MATCH($K13,INDEX(Map_Cores,0,1),0),3)=1,FALSE)) | BB13: =IF($B13="","",IFERROR(IF($BA13=TRUE,"F",VLOOKUP($E13,Map_Install,2,FALSE))&"|"&VLOOKUP($K13,Map_Cores,2,FALSE),"")) | BC13: {=IF(OR($B13="",$AC13=TRUE),"",IFERROR(_xlfn.IFS(AND($I13="Rubber",$J13="Aluminium"),"H07RN-F is copper only",AND($I13="Rubber",OR(VLOOKUP($E13,Map_Install,2,FALSE)="B",VLOOKUP($E13,Map_Install,2,FALSE)="D")),"rubber flex not rated in conduit/buried",AND($BA13=TRUE,OR(VLOOKUP($E13,Map_Install,2,FALSE)="B",VLOOKUP($E13,Map_Install,2,FALSE)="D")),"single-core: air/surface/tray only – use multicore",TRUE,"check inputs (spacing valid for install?)"),"check inputs"))}
A14: 3 | P14: =IF($B14="","",IF(NOT($AC14),"",IF(ISNUMBER($AR14),$AO14,""))) | Q14: =IF($B14="","",IF(NOT($AC14),"Check inputs",IFERROR($AR14,"Single-core / busbar"))) | R14: =IF(OR($B14="",NOT(ISNUMBER($AR14))),"",$AV14) | S14: {=IF(OR($B14="",NOT(ISNUMBER($AR14))),"",INDEX(IF($I14="Rubber",SANS_CCC_Rub,SANS_CCC),MATCH($AR14,SANS_Size,0),$AF14)*$AG14*$AH14*$AI14*$AV14*$AO14)} | T14: =IF($U14="","",$U14*$G14) | U14: {=IF(OR($B14="",NOT(ISNUMBER($AR14))),"",INDEX(SANS_mV,MATCH($AR14,SANS_Size,0),$AL14)*$AM14*($B14/$AO14)*$F14/1000/$G14)} | V14: =IF($B14="","",IF(NOT($AC14),"",IF($AJ14=0,"Exceeds range",$AJ14))) | W14: =IF(OR($B14="",NOT(ISNUMBER($V14))),"",INDEX(SANS_BrkType,MATCH($V14,SANS_Breaker,0))) | X14: =IF(OR($B14="",NOT(ISNUMBER($V14))),"",IFERROR(MIN(1,MAX(INDEX(Ir_Min,MATCH($W14,Ir_Type,0)),CEILING(ROUND($B14*Fac_BrkSF/$V14,6),INDEX(Ir_Step,MATCH($W14,Ir_Type,0)))))*$V14,$V14)) | Y14: =IF(NOT(ISNUMBER($AR14)),"",IF($AR14<=16,$AR14,IF($AR14<=35,16,_xlfn.MINIFS(SANS_Size,SANS_Size,">="&$AR14/2)))) | Z14: =IF(OR($B14="",NOT(ISNUMBER($AR14))),"",IF($N14="","Not checked",$AW14*$AR14/SQRT($AX14)/1000)) | AA14: {=IF($B14="","",_xlfn.IFS(NOT($AC14),"FAIL – "&$BC14,NOT(ISNUMBER($AR14)),"FAIL – exceeds range",$U14>Fac_VdLimit,"FAIL – volt drop",IF(ISNUMBER($X14),$X14,$V14)<$B14*Fac_BrkSF,"FAIL – breaker < Ib × SF",$S14<IF(ISNUMBER($X14),$X14,$V14),"FAIL – CCC < Ir setting",AND(ISNUMBER($Z14),$N14>$Z14),"FAIL – short circuit",AND($AE14=2,$G14>250),"CHECK – 1ph: use 230 V",AND($AE14=3,$G14<300),"CHECK – 3ph: use 400 V",TRUE,"OK"))} | AC14: =IF($B14="","",IFERROR(AND(ISNUMBER($B14),$B14>0,ISNUMBER($F14),$F14>0,ISNUMBER($G14),$G14>0,ISNUMBER(MATCH($E14,INDEX(Map_Install,0,1),0)),ISNUMBER(MATCH($K14,INDEX(Map_Cores,0,1),0)),OR($I14="PVC",$I14="XLPE",$I14="Rubber"),OR($J14="Copper",$J14="Aluminium"),OR($L14="",AND(ISNUMBER($L14),$L14>0,$L14<=1.5)),ISNUMBER(MATCH(VLOOKUP($E14,Map_Install,3,FALSE)&"|"&IF($M14="","Touching",$M14),Grp_Key,0)),OR($N14="",AND(ISNUMBER($N14),$N14>0)),OR($O14="",AND(ISNUMBER($O14),$O14>0,$O14<=5)),ISNUMBER(MATCH($BB14,SANS_CCCkey,0)),COUNT(INDEX(IF($I14="Rubber",SANS_CCC_Rub,SANS_CCC),0,MATCH($BB14,SANS_CCCkey,0)))>0,NOT(AND($I14="Rubber",$J14="Aluminium")),NOT(AND(OR($I14="Rubber",$BA14=TRUE),OR(VLOOKUP($E14,Map_Install,2,FALSE)="B",VLOOKUP($E14,Map_Install,2,FALSE)="D")))),FALSE)) | AD14: =IF(OR($B14="",$AC14<>TRUE),"",IF($BA14=TRUE,"F",VLOOKUP($E14,Map_Install,2,FALSE))) | AE14: =IF(OR($B14="",$AC14<>TRUE),"",VLOOKUP($K14,Map_Cores,2,FALSE)) | AF14: =IF(OR($B14="",$AC14<>TRUE),"",MATCH($AD14&"|"&$AE14,SANS_CCCkey,0)) | AG14: =IF(OR($B14="",$AC14<>TRUE),"",IF($I14="XLPE",Fac_XLPE,1)) | AH14: =IF(OR($B14="",$AC14<>TRUE),"",IF($J14="Aluminium",Fac_Al,1)) | AI14: =IF(OR($B14="",$AC14<>TRUE),"",IF($L14="",Fac_Derate,$L14)) | AJ14: =IF(OR($B14="",$AC14<>TRUE),"",_xlfn.MINIFS(SANS_Breaker,SANS_Breaker,">="&$B14*Fac_BrkSF)) | AK14: =IF(OR($B14="",$AC14<>TRUE),"",IF($AJ14=0,0,IFERROR(MIN(1,MAX(INDEX(Ir_Min,MATCH(INDEX(SANS_BrkType,MATCH($AJ14,SANS_Breaker,0)),Ir_Type,0)),CEILING(ROUND($B14*Fac_BrkSF/$AJ14,6),INDEX(Ir_Step,MATCH(INDEX(SANS_BrkType,MATCH($AJ14,SANS_Breaker,0)),Ir_Type,0)))))*$AJ14,$AJ14))/($AI14*$AG14*$AH14)) | AL14: =IF(OR($B14="",$AC14<>TRUE),"",IF($I14="Rubber",4,0)+IF($BA14=TRUE,2,0)+IF($AE14=2,1,2)) | AM14: =IF(OR($B14="",$AC14<>TRUE),"",IF($J14="Aluminium",Fac_AlmV,1)) | AN14: =IF(OR($B14="",$AC14<>TRUE),"",Fac_VdLimit*$G14*1000/($B14*$F14*$AM14)) | AO14: =IF(OR($B14="",$AC14<>TRUE),"",IF($AT14=0,0,MAX($AT14,$AU14))) | AP14: =IF(OR(OR($B14="",$AC14<>TRUE),NOT(ISNUMBER($AV14))),"",_xlfn.MINIFS(SANS_Size,INDEX(IF($I14="Rubber",SANS_CCC_Rub,SANS_CCC),0,$AF14),">="&$AK14/($AO14*$AV14),SANS_Size,"<="&Fac_MaxSize)) | AQ14: =IF(OR(OR($B14="",$AC14<>TRUE),NOT(ISNUMBER($AV14))),"",_xlfn.MINIFS(SANS_Size,INDEX(SANS_mV,0,$AL14),"<="&$AN14*$AO14,SANS_Size,"<="&Fac_MaxSize)) | AR14: =IF(OR($B14="",$AC14<>TRUE),"",IF(OR($AJ14=0,$AO14=0,$AO14>Fac_MaxRuns,$AP14=0,$AQ14=0),NA(),MAX($AP14,$AQ14,$AZ14))) | AS14: =IF(OR($B14="",$AC14<>TRUE),"",VLOOKUP($E14,Map_Install,3,FALSE)&"|"&IF($M14="","Touching",$M14)) | AT14: =IF(OR($B14="",$AC14<>TRUE),"",_xlfn.MINIFS(Grp_N,INDEX(Grp_Eff,MATCH($AS14,Grp_Key,0),0),">="&$AK14/_xlfn.MAXIFS(INDEX(IF($I14="Rubber",SANS_CCC_Rub,SANS_CCC),0,$AF14),SANS_Size,"<="&Fac_MaxSize),Grp_N,"<="&Fac_MaxRuns)) | AU14: =IF(OR($B14="",$AC14<>TRUE),"",MAX(1,ROUNDUP(_xlfn.MINIFS(INDEX(SANS_mV,0,$AL14),SANS_Size,"<="&Fac_MaxSize)/$AN14,0))) | AV14: {=IF(OR($B14="",$AC14<>TRUE),"",IFERROR(IF(OR($AO14=0,$AO14>Fac_MaxRuns),"",INDEX(Grp_Cg,MATCH($AS14,Grp_Key,0),$AO14)),""))} | AW14: =IF(OR($B14="",$AC14<>TRUE),"",INDEX(SC_k,MATCH($J14&"|"&$I14,SC_kKey,0))) | AX14: =IF(OR($B14="",$AC14<>TRUE),"",IF($O14="",IFERROR(INDEX(Dev_t,MATCH(INDEX(SANS_BrkType,MATCH($AJ14,SANS_Breaker,0)),Dev_Type,0)),0.4),$O14)) | AY14: =IF(OR(OR($B14="",$AC14<>TRUE),$N14=""),"",$N14*1000*SQRT($AX14)/$AW14) | AZ14: =IF(OR($B14="",$AC14<>TRUE),"",IF($N14="",0,IF(_xlfn.MINIFS(SANS_Size,SANS_Size,">="&$AY14,SANS_Size,"<="&Fac_MaxSize,INDEX(IF($I14="Rubber",SANS_CCC_Rub,SANS_CCC),0,$AF14),">0")=0,NA(),_xlfn.MINIFS(SANS_Size,SANS_Size,">="&$AY14,SANS_Size,"<="&Fac_MaxSize,INDEX(IF($I14="Rubber",SANS_CCC_Rub,SANS_CCC),0,$AF14),">0")))) | BA14: =IF($B14="","",IFERROR(INDEX(Map_Cores,MATCH($K14,INDEX(Map_Cores,0,1),0),3)=1,FALSE)) | BB14: =IF($B14="","",IFERROR(IF($BA14=TRUE,"F",VLOOKUP($E14,Map_Install,2,FALSE))&"|"&VLOOKUP($K14,Map_Cores,2,FALSE),"")) | BC14: {=IF(OR($B14="",$AC14=TRUE),"",IFERROR(_xlfn.IFS(AND($I14="Rubber",$J14="Aluminium"),"H07RN-F is copper only",AND($I14="Rubber",OR(VLOOKUP($E14,Map_Install,2,FALSE)="B",VLOOKUP($E14,Map_Install,2,FALSE)="D")),"rubber flex not rated in conduit/buried",AND($BA14=TRUE,OR(VLOOKUP($E14,Map_Install,2,FALSE)="B",VLOOKUP($E14,Map_Install,2,FALSE)="D")),"single-core: air/surface/tray only – use multicore",TRUE,"check inputs (spacing valid for install?)"),"check inputs"))}
A15: 4 | P15: =IF($B15="","",IF(NOT($AC15),"",IF(ISNUMBER($AR15),$AO15,""))) | Q15: =IF($B15="","",IF(NOT($AC15),"Check inputs",IFERROR($AR15,"Single-core / busbar"))) | R15: =IF(OR($B15="",NOT(ISNUMBER($AR15))),"",$AV15) | S15: {=IF(OR($B15="",NOT(ISNUMBER($AR15))),"",INDEX(IF($I15="Rubber",SANS_CCC_Rub,SANS_CCC),MATCH($AR15,SANS_Size,0),$AF15)*$AG15*$AH15*$AI15*$AV15*$AO15)} | T15: =IF($U15="","",$U15*$G15) | U15: {=IF(OR($B15="",NOT(ISNUMBER($AR15))),"",INDEX(SANS_mV,MATCH($AR15,SANS_Size,0),$AL15)*$AM15*($B15/$AO15)*$F15/1000/$G15)} | V15: =IF($B15="","",IF(NOT($AC15),"",IF($AJ15=0,"Exceeds range",$AJ15))) | W15: =IF(OR($B15="",NOT(ISNUMBER($V15))),"",INDEX(SANS_BrkType,MATCH($V15,SANS_Breaker,0))) | X15: =IF(OR($B15="",NOT(ISNUMBER($V15))),"",IFERROR(MIN(1,MAX(INDEX(Ir_Min,MATCH($W15,Ir_Type,0)),CEILING(ROUND($B15*Fac_BrkSF/$V15,6),INDEX(Ir_Step,MATCH($W15,Ir_Type,0)))))*$V15,$V15)) | Y15: =IF(NOT(ISNUMBER($AR15)),"",IF($AR15<=16,$AR15,IF($AR15<=35,16,_xlfn.MINIFS(SANS_Size,SANS_Size,">="&$AR15/2)))) | Z15: =IF(OR($B15="",NOT(ISNUMBER($AR15))),"",IF($N15="","Not checked",$AW15*$AR15/SQRT($AX15)/1000)) | AA15: {=IF($B15="","",_xlfn.IFS(NOT($AC15),"FAIL – "&$BC15,NOT(ISNUMBER($AR15)),"FAIL – exceeds range",$U15>Fac_VdLimit,"FAIL – volt drop",IF(ISNUMBER($X15),$X15,$V15)<$B15*Fac_BrkSF,"FAIL – breaker < Ib × SF",$S15<IF(ISNUMBER($X15),$X15,$V15),"FAIL – CCC < Ir setting",AND(ISNUMBER($Z15),$N15>$Z15),"FAIL – short circuit",AND($AE15=2,$G15>250),"CHECK – 1ph: use 230 V",AND($AE15=3,$G15<300),"CHECK – 3ph: use 400 V",TRUE,"OK"))} | AC15: =IF($B15="","",IFERROR(AND(ISNUMBER($B15),$B15>0,ISNUMBER($F15),$F15>0,ISNUMBER($G15),$G15>0,ISNUMBER(MATCH($E15,INDEX(Map_Install,0,1),0)),ISNUMBER(MATCH($K15,INDEX(Map_Cores,0,1),0)),OR($I15="PVC",$I15="XLPE",$I15="Rubber"),OR($J15="Copper",$J15="Aluminium"),OR($L15="",AND(ISNUMBER($L15),$L15>0,$L15<=1.5)),ISNUMBER(MATCH(VLOOKUP($E15,Map_Install,3,FALSE)&"|"&IF($M15="","Touching",$M15),Grp_Key,0)),OR($N15="",AND(ISNUMBER($N15),$N15>0)),OR($O15="",AND(ISNUMBER($O15),$O15>0,$O15<=5)),ISNUMBER(MATCH($BB15,SANS_CCCkey,0)),COUNT(INDEX(IF($I15="Rubber",SANS_CCC_Rub,SANS_CCC),0,MATCH($BB15,SANS_CCCkey,0)))>0,NOT(AND($I15="Rubber",$J15="Aluminium")),NOT(AND(OR($I15="Rubber",$BA15=TRUE),OR(VLOOKUP($E15,Map_Install,2,FALSE)="B",VLOOKUP($E15,Map_Install,2,FALSE)="D")))),FALSE)) | AD15: =IF(OR($B15="",$AC15<>TRUE),"",IF($BA15=TRUE,"F",VLOOKUP($E15,Map_Install,2,FALSE))) | AE15: =IF(OR($B15="",$AC15<>TRUE),"",VLOOKUP($K15,Map_Cores,2,FALSE)) | AF15: =IF(OR($B15="",$AC15<>TRUE),"",MATCH($AD15&"|"&$AE15,SANS_CCCkey,0)) | AG15: =IF(OR($B15="",$AC15<>TRUE),"",IF($I15="XLPE",Fac_XLPE,1)) | AH15: =IF(OR($B15="",$AC15<>TRUE),"",IF($J15="Aluminium",Fac_Al,1)) | AI15: =IF(OR($B15="",$AC15<>TRUE),"",IF($L15="",Fac_Derate,$L15)) | AJ15: =IF(OR($B15="",$AC15<>TRUE),"",_xlfn.MINIFS(SANS_Breaker,SANS_Breaker,">="&$B15*Fac_BrkSF)) | AK15: =IF(OR($B15="",$AC15<>TRUE),"",IF($AJ15=0,0,IFERROR(MIN(1,MAX(INDEX(Ir_Min,MATCH(INDEX(SANS_BrkType,MATCH($AJ15,SANS_Breaker,0)),Ir_Type,0)),CEILING(ROUND($B15*Fac_BrkSF/$AJ15,6),INDEX(Ir_Step,MATCH(INDEX(SANS_BrkType,MATCH($AJ15,SANS_Breaker,0)),Ir_Type,0)))))*$AJ15,$AJ15))/($AI15*$AG15*$AH15)) | AL15: =IF(OR($B15="",$AC15<>TRUE),"",IF($I15="Rubber",4,0)+IF($BA15=TRUE,2,0)+IF($AE15=2,1,2)) | AM15: =IF(OR($B15="",$AC15<>TRUE),"",IF($J15="Aluminium",Fac_AlmV,1)) | AN15: =IF(OR($B15="",$AC15<>TRUE),"",Fac_VdLimit*$G15*1000/($B15*$F15*$AM15)) | AO15: =IF(OR($B15="",$AC15<>TRUE),"",IF($AT15=0,0,MAX($AT15,$AU15))) | AP15: =IF(OR(OR($B15="",$AC15<>TRUE),NOT(ISNUMBER($AV15))),"",_xlfn.MINIFS(SANS_Size,INDEX(IF($I15="Rubber",SANS_CCC_Rub,SANS_CCC),0,$AF15),">="&$AK15/($AO15*$AV15),SANS_Size,"<="&Fac_MaxSize)) | AQ15: =IF(OR(OR($B15="",$AC15<>TRUE),NOT(ISNUMBER($AV15))),"",_xlfn.MINIFS(SANS_Size,INDEX(SANS_mV,0,$AL15),"<="&$AN15*$AO15,SANS_Size,"<="&Fac_MaxSize)) | AR15: =IF(OR($B15="",$AC15<>TRUE),"",IF(OR($AJ15=0,$AO15=0,$AO15>Fac_MaxRuns,$AP15=0,$AQ15=0),NA(),MAX($AP15,$AQ15,$AZ15))) | AS15: =IF(OR($B15="",$AC15<>TRUE),"",VLOOKUP($E15,Map_Install,3,FALSE)&"|"&IF($M15="","Touching",$M15)) | AT15: =IF(OR($B15="",$AC15<>TRUE),"",_xlfn.MINIFS(Grp_N,INDEX(Grp_Eff,MATCH($AS15,Grp_Key,0),0),">="&$AK15/_xlfn.MAXIFS(INDEX(IF($I15="Rubber",SANS_CCC_Rub,SANS_CCC),0,$AF15),SANS_Size,"<="&Fac_MaxSize),Grp_N,"<="&Fac_MaxRuns)) | AU15: =IF(OR($B15="",$AC15<>TRUE),"",MAX(1,ROUNDUP(_xlfn.MINIFS(INDEX(SANS_mV,0,$AL15),SANS_Size,"<="&Fac_MaxSize)/$AN15,0))) | AV15: {=IF(OR($B15="",$AC15<>TRUE),"",IFERROR(IF(OR($AO15=0,$AO15>Fac_MaxRuns),"",INDEX(Grp_Cg,MATCH($AS15,Grp_Key,0),$AO15)),""))} | AW15: =IF(OR($B15="",$AC15<>TRUE),"",INDEX(SC_k,MATCH($J15&"|"&$I15,SC_kKey,0))) | AX15: =IF(OR($B15="",$AC15<>TRUE),"",IF($O15="",IFERROR(INDEX(Dev_t,MATCH(INDEX(SANS_BrkType,MATCH($AJ15,SANS_Breaker,0)),Dev_Type,0)),0.4),$O15)) | AY15: =IF(OR(OR($B15="",$AC15<>TRUE),$N15=""),"",$N15*1000*SQRT($AX15)/$AW15) | AZ15: =IF(OR($B15="",$AC15<>TRUE),"",IF($N15="",0,IF(_xlfn.MINIFS(SANS_Size,SANS_Size,">="&$AY15,SANS_Size,"<="&Fac_MaxSize,INDEX(IF($I15="Rubber",SANS_CCC_Rub,SANS_CCC),0,$AF15),">0")=0,NA(),_xlfn.MINIFS(SANS_Size,SANS_Size,">="&$AY15,SANS_Size,"<="&Fac_MaxSize,INDEX(IF($I15="Rubber",SANS_CCC_Rub,SANS_CCC),0,$AF15),">0")))) | BA15: =IF($B15="","",IFERROR(INDEX(Map_Cores,MATCH($K15,INDEX(Map_Cores,0,1),0),3)=1,FALSE)) | BB15: =IF($B15="","",IFERROR(IF($BA15=TRUE,"F",VLOOKUP($E15,Map_Install,2,FALSE))&"|"&VLOOKUP($K15,Map_Cores,2,FALSE),"")) | BC15: {=IF(OR($B15="",$AC15=TRUE),"",IFERROR(_xlfn.IFS(AND($I15="Rubber",$J15="Aluminium"),"H07RN-F is copper only",AND($I15="Rubber",OR(VLOOKUP($E15,Map_Install,2,FALSE)="B",VLOOKUP($E15,Map_Install,2,FALSE)="D")),"rubber flex not rated in conduit/buried",AND($BA15=TRUE,OR(VLOOKUP($E15,Map_Install,2,FALSE)="B",VLOOKUP($E15,Map_Install,2,FALSE)="D")),"single-core: air/surface/tray only – use multicore",TRUE,"check inputs (spacing valid for install?)"),"check inputs"))}
A16: 5 | P16: =IF($B16="","",IF(NOT($AC16),"",IF(ISNUMBER($AR16),$AO16,""))) | Q16: =IF($B16="","",IF(NOT($AC16),"Check inputs",IFERROR($AR16,"Single-core / busbar"))) | R16: =IF(OR($B16="",NOT(ISNUMBER($AR16))),"",$AV16) | S16: {=IF(OR($B16="",NOT(ISNUMBER($AR16))),"",INDEX(IF($I16="Rubber",SANS_CCC_Rub,SANS_CCC),MATCH($AR16,SANS_Size,0),$AF16)*$AG16*$AH16*$AI16*$AV16*$AO16)} | T16: =IF($U16="","",$U16*$G16) | U16: {=IF(OR($B16="",NOT(ISNUMBER($AR16))),"",INDEX(SANS_mV,MATCH($AR16,SANS_Size,0),$AL16)*$AM16*($B16/$AO16)*$F16/1000/$G16)} | V16: =IF($B16="","",IF(NOT($AC16),"",IF($AJ16=0,"Exceeds range",$AJ16))) | W16: =IF(OR($B16="",NOT(ISNUMBER($V16))),"",INDEX(SANS_BrkType,MATCH($V16,SANS_Breaker,0))) | X16: =IF(OR($B16="",NOT(ISNUMBER($V16))),"",IFERROR(MIN(1,MAX(INDEX(Ir_Min,MATCH($W16,Ir_Type,0)),CEILING(ROUND($B16*Fac_BrkSF/$V16,6),INDEX(Ir_Step,MATCH($W16,Ir_Type,0)))))*$V16,$V16)) | Y16: =IF(NOT(ISNUMBER($AR16)),"",IF($AR16<=16,$AR16,IF($AR16<=35,16,_xlfn.MINIFS(SANS_Size,SANS_Size,">="&$AR16/2)))) | Z16: =IF(OR($B16="",NOT(ISNUMBER($AR16))),"",IF($N16="","Not checked",$AW16*$AR16/SQRT($AX16)/1000)) | AA16: {=IF($B16="","",_xlfn.IFS(NOT($AC16),"FAIL – "&$BC16,NOT(ISNUMBER($AR16)),"FAIL – exceeds range",$U16>Fac_VdLimit,"FAIL – volt drop",IF(ISNUMBER($X16),$X16,$V16)<$B16*Fac_BrkSF,"FAIL – breaker < Ib × SF",$S16<IF(ISNUMBER($X16),$X16,$V16),"FAIL – CCC < Ir setting",AND(ISNUMBER($Z16),$N16>$Z16),"FAIL – short circuit",AND($AE16=2,$G16>250),"CHECK – 1ph: use 230 V",AND($AE16=3,$G16<300),"CHECK – 3ph: use 400 V",TRUE,"OK"))} | AC16: =IF($B16="","",IFERROR(AND(ISNUMBER($B16),$B16>0,ISNUMBER($F16),$F16>0,ISNUMBER($G16),$G16>0,ISNUMBER(MATCH($E16,INDEX(Map_Install,0,1),0)),ISNUMBER(MATCH($K16,INDEX(Map_Cores,0,1),0)),OR($I16="PVC",$I16="XLPE",$I16="Rubber"),OR($J16="Copper",$J16="Aluminium"),OR($L16="",AND(ISNUMBER($L16),$L16>0,$L16<=1.5)),ISNUMBER(MATCH(VLOOKUP($E16,Map_Install,3,FALSE)&"|"&IF($M16="","Touching",$M16),Grp_Key,0)),OR($N16="",AND(ISNUMBER($N16),$N16>0)),OR($O16="",AND(ISNUMBER($O16),$O16>0,$O16<=5)),ISNUMBER(MATCH($BB16,SANS_CCCkey,0)),COUNT(INDEX(IF($I16="Rubber",SANS_CCC_Rub,SANS_CCC),0,MATCH($BB16,SANS_CCCkey,0)))>0,NOT(AND($I16="Rubber",$J16="Aluminium")),NOT(AND(OR($I16="Rubber",$BA16=TRUE),OR(VLOOKUP($E16,Map_Install,2,FALSE)="B",VLOOKUP($E16,Map_Install,2,FALSE)="D")))),FALSE)) | AD16: =IF(OR($B16="",$AC16<>TRUE),"",IF($BA16=TRUE,"F",VLOOKUP($E16,Map_Install,2,FALSE))) | AE16: =IF(OR($B16="",$AC16<>TRUE),"",VLOOKUP($K16,Map_Cores,2,FALSE)) | AF16: =IF(OR($B16="",$AC16<>TRUE),"",MATCH($AD16&"|"&$AE16,SANS_CCCkey,0)) | AG16: =IF(OR($B16="",$AC16<>TRUE),"",IF($I16="XLPE",Fac_XLPE,1)) | AH16: =IF(OR($B16="",$AC16<>TRUE),"",IF($J16="Aluminium",Fac_Al,1)) | AI16: =IF(OR($B16="",$AC16<>TRUE),"",IF($L16="",Fac_Derate,$L16)) | AJ16: =IF(OR($B16="",$AC16<>TRUE),"",_xlfn.MINIFS(SANS_Breaker,SANS_Breaker,">="&$B16*Fac_BrkSF)) | AK16: =IF(OR($B16="",$AC16<>TRUE),"",IF($AJ16=0,0,IFERROR(MIN(1,MAX(INDEX(Ir_Min,MATCH(INDEX(SANS_BrkType,MATCH($AJ16,SANS_Breaker,0)),Ir_Type,0)),CEILING(ROUND($B16*Fac_BrkSF/$AJ16,6),INDEX(Ir_Step,MATCH(INDEX(SANS_BrkType,MATCH($AJ16,SANS_Breaker,0)),Ir_Type,0)))))*$AJ16,$AJ16))/($AI16*$AG16*$AH16)) | AL16: =IF(OR($B16="",$AC16<>TRUE),"",IF($I16="Rubber",4,0)+IF($BA16=TRUE,2,0)+IF($AE16=2,1,2)) | AM16: =IF(OR($B16="",$AC16<>TRUE),"",IF($J16="Aluminium",Fac_AlmV,1)) | AN16: =IF(OR($B16="",$AC16<>TRUE),"",Fac_VdLimit*$G16*1000/($B16*$F16*$AM16)) | AO16: =IF(OR($B16="",$AC16<>TRUE),"",IF($AT16=0,0,MAX($AT16,$AU16))) | AP16: =IF(OR(OR($B16="",$AC16<>TRUE),NOT(ISNUMBER($AV16))),"",_xlfn.MINIFS(SANS_Size,INDEX(IF($I16="Rubber",SANS_CCC_Rub,SANS_CCC),0,$AF16),">="&$AK16/($AO16*$AV16),SANS_Size,"<="&Fac_MaxSize)) | AQ16: =IF(OR(OR($B16="",$AC16<>TRUE),NOT(ISNUMBER($AV16))),"",_xlfn.MINIFS(SANS_Size,INDEX(SANS_mV,0,$AL16),"<="&$AN16*$AO16,SANS_Size,"<="&Fac_MaxSize)) | AR16: =IF(OR($B16="",$AC16<>TRUE),"",IF(OR($AJ16=0,$AO16=0,$AO16>Fac_MaxRuns,$AP16=0,$AQ16=0),NA(),MAX($AP16,$AQ16,$AZ16))) | AS16: =IF(OR($B16="",$AC16<>TRUE),"",VLOOKUP($E16,Map_Install,3,FALSE)&"|"&IF($M16="","Touching",$M16)) | AT16: =IF(OR($B16="",$AC16<>TRUE),"",_xlfn.MINIFS(Grp_N,INDEX(Grp_Eff,MATCH($AS16,Grp_Key,0),0),">="&$AK16/_xlfn.MAXIFS(INDEX(IF($I16="Rubber",SANS_CCC_Rub,SANS_CCC),0,$AF16),SANS_Size,"<="&Fac_MaxSize),Grp_N,"<="&Fac_MaxRuns)) | AU16: =IF(OR($B16="",$AC16<>TRUE),"",MAX(1,ROUNDUP(_xlfn.MINIFS(INDEX(SANS_mV,0,$AL16),SANS_Size,"<="&Fac_MaxSize)/$AN16,0))) | AV16: {=IF(OR($B16="",$AC16<>TRUE),"",IFERROR(IF(OR($AO16=0,$AO16>Fac_MaxRuns),"",INDEX(Grp_Cg,MATCH($AS16,Grp_Key,0),$AO16)),""))} | AW16: =IF(OR($B16="",$AC16<>TRUE),"",INDEX(SC_k,MATCH($J16&"|"&$I16,SC_kKey,0))) | AX16: =IF(OR($B16="",$AC16<>TRUE),"",IF($O16="",IFERROR(INDEX(Dev_t,MATCH(INDEX(SANS_BrkType,MATCH($AJ16,SANS_Breaker,0)),Dev_Type,0)),0.4),$O16)) | AY16: =IF(OR(OR($B16="",$AC16<>TRUE),$N16=""),"",$N16*1000*SQRT($AX16)/$AW16) | AZ16: =IF(OR($B16="",$AC16<>TRUE),"",IF($N16="",0,IF(_xlfn.MINIFS(SANS_Size,SANS_Size,">="&$AY16,SANS_Size,"<="&Fac_MaxSize,INDEX(IF($I16="Rubber",SANS_CCC_Rub,SANS_CCC),0,$AF16),">0")=0,NA(),_xlfn.MINIFS(SANS_Size,SANS_Size,">="&$AY16,SANS_Size,"<="&Fac_MaxSize,INDEX(IF($I16="Rubber",SANS_CCC_Rub,SANS_CCC),0,$AF16),">0")))) | BA16: =IF($B16="","",IFERROR(INDEX(Map_Cores,MATCH($K16,INDEX(Map_Cores,0,1),0),3)=1,FALSE)) | BB16: =IF($B16="","",IFERROR(IF($BA16=TRUE,"F",VLOOKUP($E16,Map_Install,2,FALSE))&"|"&VLOOKUP($K16,Map_Cores,2,FALSE),"")) | BC16: {=IF(OR($B16="",$AC16=TRUE),"",IFERROR(_xlfn.IFS(AND($I16="Rubber",$J16="Aluminium"),"H07RN-F is copper only",AND($I16="Rubber",OR(VLOOKUP($E16,Map_Install,2,FALSE)="B",VLOOKUP($E16,Map_Install,2,FALSE)="D")),"rubber flex not rated in conduit/buried",AND($BA16=TRUE,OR(VLOOKUP($E16,Map_Install,2,FALSE)="B",VLOOKUP($E16,Map_Install,2,FALSE)="D")),"single-core: air/surface/tray only – use multicore",TRUE,"check inputs (spacing valid for install?)"),"check inputs"))}
A17: 6 | P17: =IF($B17="","",IF(NOT($AC17),"",IF(ISNUMBER($AR17),$AO17,""))) | Q17: =IF($B17="","",IF(NOT($AC17),"Check inputs",IFERROR($AR17,"Single-core / busbar"))) | R17: =IF(OR($B17="",NOT(ISNUMBER($AR17))),"",$AV17) | S17: {=IF(OR($B17="",NOT(ISNUMBER($AR17))),"",INDEX(IF($I17="Rubber",SANS_CCC_Rub,SANS_CCC),MATCH($AR17,SANS_Size,0),$AF17)*$AG17*$AH17*$AI17*$AV17*$AO17)} | T17: =IF($U17="","",$U17*$G17) | U17: {=IF(OR($B17="",NOT(ISNUMBER($AR17))),"",INDEX(SANS_mV,MATCH($AR17,SANS_Size,0),$AL17)*$AM17*($B17/$AO17)*$F17/1000/$G17)} | V17: =IF($B17="","",IF(NOT($AC17),"",IF($AJ17=0,"Exceeds range",$AJ17))) | W17: =IF(OR($B17="",NOT(ISNUMBER($V17))),"",INDEX(SANS_BrkType,MATCH($V17,SANS_Breaker,0))) | X17: =IF(OR($B17="",NOT(ISNUMBER($V17))),"",IFERROR(MIN(1,MAX(INDEX(Ir_Min,MATCH($W17,Ir_Type,0)),CEILING(ROUND($B17*Fac_BrkSF/$V17,6),INDEX(Ir_Step,MATCH($W17,Ir_Type,0)))))*$V17,$V17)) | Y17: =IF(NOT(ISNUMBER($AR17)),"",IF($AR17<=16,$AR17,IF($AR17<=35,16,_xlfn.MINIFS(SANS_Size,SANS_Size,">="&$AR17/2)))) | Z17: =IF(OR($B17="",NOT(ISNUMBER($AR17))),"",IF($N17="","Not checked",$AW17*$AR17/SQRT($AX17)/1000)) | AA17: {=IF($B17="","",_xlfn.IFS(NOT($AC17),"FAIL – "&$BC17,NOT(ISNUMBER($AR17)),"FAIL – exceeds range",$U17>Fac_VdLimit,"FAIL – volt drop",IF(ISNUMBER($X17),$X17,$V17)<$B17*Fac_BrkSF,"FAIL – breaker < Ib × SF",$S17<IF(ISNUMBER($X17),$X17,$V17),"FAIL – CCC < Ir setting",AND(ISNUMBER($Z17),$N17>$Z17),"FAIL – short circuit",AND($AE17=2,$G17>250),"CHECK – 1ph: use 230 V",AND($AE17=3,$G17<300),"CHECK – 3ph: use 400 V",TRUE,"OK"))} | AC17: =IF($B17="","",IFERROR(AND(ISNUMBER($B17),$B17>0,ISNUMBER($F17),$F17>0,ISNUMBER($G17),$G17>0,ISNUMBER(MATCH($E17,INDEX(Map_Install,0,1),0)),ISNUMBER(MATCH($K17,INDEX(Map_Cores,0,1),0)),OR($I17="PVC",$I17="XLPE",$I17="Rubber"),OR($J17="Copper",$J17="Aluminium"),OR($L17="",AND(ISNUMBER($L17),$L17>0,$L17<=1.5)),ISNUMBER(MATCH(VLOOKUP($E17,Map_Install,3,FALSE)&"|"&IF($M17="","Touching",$M17),Grp_Key,0)),OR($N17="",AND(ISNUMBER($N17),$N17>0)),OR($O17="",AND(ISNUMBER($O17),$O17>0,$O17<=5)),ISNUMBER(MATCH($BB17,SANS_CCCkey,0)),COUNT(INDEX(IF($I17="Rubber",SANS_CCC_Rub,SANS_CCC),0,MATCH($BB17,SANS_CCCkey,0)))>0,NOT(AND($I17="Rubber",$J17="Aluminium")),NOT(AND(OR($I17="Rubber",$BA17=TRUE),OR(VLOOKUP($E17,Map_Install,2,FALSE)="B",VLOOKUP($E17,Map_Install,2,FALSE)="D")))),FALSE)) | AD17: =IF(OR($B17="",$AC17<>TRUE),"",IF($BA17=TRUE,"F",VLOOKUP($E17,Map_Install,2,FALSE))) | AE17: =IF(OR($B17="",$AC17<>TRUE),"",VLOOKUP($K17,Map_Cores,2,FALSE)) | AF17: =IF(OR($B17="",$AC17<>TRUE),"",MATCH($AD17&"|"&$AE17,SANS_CCCkey,0)) | AG17: =IF(OR($B17="",$AC17<>TRUE),"",IF($I17="XLPE",Fac_XLPE,1)) | AH17: =IF(OR($B17="",$AC17<>TRUE),"",IF($J17="Aluminium",Fac_Al,1)) | AI17: =IF(OR($B17="",$AC17<>TRUE),"",IF($L17="",Fac_Derate,$L17)) | AJ17: =IF(OR($B17="",$AC17<>TRUE),"",_xlfn.MINIFS(SANS_Breaker,SANS_Breaker,">="&$B17*Fac_BrkSF)) | AK17: =IF(OR($B17="",$AC17<>TRUE),"",IF($AJ17=0,0,IFERROR(MIN(1,MAX(INDEX(Ir_Min,MATCH(INDEX(SANS_BrkType,MATCH($AJ17,SANS_Breaker,0)),Ir_Type,0)),CEILING(ROUND($B17*Fac_BrkSF/$AJ17,6),INDEX(Ir_Step,MATCH(INDEX(SANS_BrkType,MATCH($AJ17,SANS_Breaker,0)),Ir_Type,0)))))*$AJ17,$AJ17))/($AI17*$AG17*$AH17)) | AL17: =IF(OR($B17="",$AC17<>TRUE),"",IF($I17="Rubber",4,0)+IF($BA17=TRUE,2,0)+IF($AE17=2,1,2)) | AM17: =IF(OR($B17="",$AC17<>TRUE),"",IF($J17="Aluminium",Fac_AlmV,1)) | AN17: =IF(OR($B17="",$AC17<>TRUE),"",Fac_VdLimit*$G17*1000/($B17*$F17*$AM17)) | AO17: =IF(OR($B17="",$AC17<>TRUE),"",IF($AT17=0,0,MAX($AT17,$AU17))) | AP17: =IF(OR(OR($B17="",$AC17<>TRUE),NOT(ISNUMBER($AV17))),"",_xlfn.MINIFS(SANS_Size,INDEX(IF($I17="Rubber",SANS_CCC_Rub,SANS_CCC),0,$AF17),">="&$AK17/($AO17*$AV17),SANS_Size,"<="&Fac_MaxSize)) | AQ17: =IF(OR(OR($B17="",$AC17<>TRUE),NOT(ISNUMBER($AV17))),"",_xlfn.MINIFS(SANS_Size,INDEX(SANS_mV,0,$AL17),"<="&$AN17*$AO17,SANS_Size,"<="&Fac_MaxSize)) | AR17: =IF(OR($B17="",$AC17<>TRUE),"",IF(OR($AJ17=0,$AO17=0,$AO17>Fac_MaxRuns,$AP17=0,$AQ17=0),NA(),MAX($AP17,$AQ17,$AZ17))) | AS17: =IF(OR($B17="",$AC17<>TRUE),"",VLOOKUP($E17,Map_Install,3,FALSE)&"|"&IF($M17="","Touching",$M17)) | AT17: =IF(OR($B17="",$AC17<>TRUE),"",_xlfn.MINIFS(Grp_N,INDEX(Grp_Eff,MATCH($AS17,Grp_Key,0),0),">="&$AK17/_xlfn.MAXIFS(INDEX(IF($I17="Rubber",SANS_CCC_Rub,SANS_CCC),0,$AF17),SANS_Size,"<="&Fac_MaxSize),Grp_N,"<="&Fac_MaxRuns)) | AU17: =IF(OR($B17="",$AC17<>TRUE),"",MAX(1,ROUNDUP(_xlfn.MINIFS(INDEX(SANS_mV,0,$AL17),SANS_Size,"<="&Fac_MaxSize)/$AN17,0))) | AV17: {=IF(OR($B17="",$AC17<>TRUE),"",IFERROR(IF(OR($AO17=0,$AO17>Fac_MaxRuns),"",INDEX(Grp_Cg,MATCH($AS17,Grp_Key,0),$AO17)),""))} | AW17: =IF(OR($B17="",$AC17<>TRUE),"",INDEX(SC_k,MATCH($J17&"|"&$I17,SC_kKey,0))) | AX17: =IF(OR($B17="",$AC17<>TRUE),"",IF($O17="",IFERROR(INDEX(Dev_t,MATCH(INDEX(SANS_BrkType,MATCH($AJ17,SANS_Breaker,0)),Dev_Type,0)),0.4),$O17)) | AY17: =IF(OR(OR($B17="",$AC17<>TRUE),$N17=""),"",$N17*1000*SQRT($AX17)/$AW17) | AZ17: =IF(OR($B17="",$AC17<>TRUE),"",IF($N17="",0,IF(_xlfn.MINIFS(SANS_Size,SANS_Size,">="&$AY17,SANS_Size,"<="&Fac_MaxSize,INDEX(IF($I17="Rubber",SANS_CCC_Rub,SANS_CCC),0,$AF17),">0")=0,NA(),_xlfn.MINIFS(SANS_Size,SANS_Size,">="&$AY17,SANS_Size,"<="&Fac_MaxSize,INDEX(IF($I17="Rubber",SANS_CCC_Rub,SANS_CCC),0,$AF17),">0")))) | BA17: =IF($B17="","",IFERROR(INDEX(Map_Cores,MATCH($K17,INDEX(Map_Cores,0,1),0),3)=1,FALSE)) | BB17: =IF($B17="","",IFERROR(IF($BA17=TRUE,"F",VLOOKUP($E17,Map_Install,2,FALSE))&"|"&VLOOKUP($K17,Map_Cores,2,FALSE),"")) | BC17: {=IF(OR($B17="",$AC17=TRUE),"",IFERROR(_xlfn.IFS(AND($I17="Rubber",$J17="Aluminium"),"H07RN-F is copper only",AND($I17="Rubber",OR(VLOOKUP($E17,Map_Install,2,FALSE)="B",VLOOKUP($E17,Map_Install,2,FALSE)="D")),"rubber flex not rated in conduit/buried",AND($BA17=TRUE,OR(VLOOKUP($E17,Map_Install,2,FALSE)="B",VLOOKUP($E17,Map_Install,2,FALSE)="D")),"single-core: air/surface/tray only – use multicore",TRUE,"check inputs (spacing valid for install?)"),"check inputs"))}
A18: 7 | P18: =IF($B18="","",IF(NOT($AC18),"",IF(ISNUMBER($AR18),$AO18,""))) | Q18: =IF($B18="","",IF(NOT($AC18),"Check inputs",IFERROR($AR18,"Single-core / busbar"))) | R18: =IF(OR($B18="",NOT(ISNUMBER($AR18))),"",$AV18) | S18: {=IF(OR($B18="",NOT(ISNUMBER($AR18))),"",INDEX(IF($I18="Rubber",SANS_CCC_Rub,SANS_CCC),MATCH($AR18,SANS_Size,0),$AF18)*$AG18*$AH18*$AI18*$AV18*$AO18)} | T18: =IF($U18="","",$U18*$G18) | U18: {=IF(OR($B18="",NOT(ISNUMBER($AR18))),"",INDEX(SANS_mV,MATCH($AR18,SANS_Size,0),$AL18)*$AM18*($B18/$AO18)*$F18/1000/$G18)} | V18: =IF($B18="","",IF(NOT($AC18),"",IF($AJ18=0,"Exceeds range",$AJ18))) | W18: =IF(OR($B18="",NOT(ISNUMBER($V18))),"",INDEX(SANS_BrkType,MATCH($V18,SANS_Breaker,0))) | X18: =IF(OR($B18="",NOT(ISNUMBER($V18))),"",IFERROR(MIN(1,MAX(INDEX(Ir_Min,MATCH($W18,Ir_Type,0)),CEILING(ROUND($B18*Fac_BrkSF/$V18,6),INDEX(Ir_Step,MATCH($W18,Ir_Type,0)))))*$V18,$V18)) | Y18: =IF(NOT(ISNUMBER($AR18)),"",IF($AR18<=16,$AR18,IF($AR18<=35,16,_xlfn.MINIFS(SANS_Size,SANS_Size,">="&$AR18/2)))) | Z18: =IF(OR($B18="",NOT(ISNUMBER($AR18))),"",IF($N18="","Not checked",$AW18*$AR18/SQRT($AX18)/1000)) | AA18: {=IF($B18="","",_xlfn.IFS(NOT($AC18),"FAIL – "&$BC18,NOT(ISNUMBER($AR18)),"FAIL – exceeds range",$U18>Fac_VdLimit,"FAIL – volt drop",IF(ISNUMBER($X18),$X18,$V18)<$B18*Fac_BrkSF,"FAIL – breaker < Ib × SF",$S18<IF(ISNUMBER($X18),$X18,$V18),"FAIL – CCC < Ir setting",AND(ISNUMBER($Z18),$N18>$Z18),"FAIL – short circuit",AND($AE18=2,$G18>250),"CHECK – 1ph: use 230 V",AND($AE18=3,$G18<300),"CHECK – 3ph: use 400 V",TRUE,"OK"))} | AC18: =IF($B18="","",IFERROR(AND(ISNUMBER($B18),$B18>0,ISNUMBER($F18),$F18>0,ISNUMBER($G18),$G18>0,ISNUMBER(MATCH($E18,INDEX(Map_Install,0,1),0)),ISNUMBER(MATCH($K18,INDEX(Map_Cores,0,1),0)),OR($I18="PVC",$I18="XLPE",$I18="Rubber"),OR($J18="Copper",$J18="Aluminium"),OR($L18="",AND(ISNUMBER($L18),$L18>0,$L18<=1.5)),ISNUMBER(MATCH(VLOOKUP($E18,Map_Install,3,FALSE)&"|"&IF($M18="","Touching",$M18),Grp_Key,0)),OR($N18="",AND(ISNUMBER($N18),$N18>0)),OR($O18="",AND(ISNUMBER($O18),$O18>0,$O18<=5)),ISNUMBER(MATCH($BB18,SANS_CCCkey,0)),COUNT(INDEX(IF($I18="Rubber",SANS_CCC_Rub,SANS_CCC),0,MATCH($BB18,SANS_CCCkey,0)))>0,NOT(AND($I18="Rubber",$J18="Aluminium")),NOT(AND(OR($I18="Rubber",$BA18=TRUE),OR(VLOOKUP($E18,Map_Install,2,FALSE)="B",VLOOKUP($E18,Map_Install,2,FALSE)="D")))),FALSE)) | AD18: =IF(OR($B18="",$AC18<>TRUE),"",IF($BA18=TRUE,"F",VLOOKUP($E18,Map_Install,2,FALSE))) | AE18: =IF(OR($B18="",$AC18<>TRUE),"",VLOOKUP($K18,Map_Cores,2,FALSE)) | AF18: =IF(OR($B18="",$AC18<>TRUE),"",MATCH($AD18&"|"&$AE18,SANS_CCCkey,0)) | AG18: =IF(OR($B18="",$AC18<>TRUE),"",IF($I18="XLPE",Fac_XLPE,1)) | AH18: =IF(OR($B18="",$AC18<>TRUE),"",IF($J18="Aluminium",Fac_Al,1)) | AI18: =IF(OR($B18="",$AC18<>TRUE),"",IF($L18="",Fac_Derate,$L18)) | AJ18: =IF(OR($B18="",$AC18<>TRUE),"",_xlfn.MINIFS(SANS_Breaker,SANS_Breaker,">="&$B18*Fac_BrkSF)) | AK18: =IF(OR($B18="",$AC18<>TRUE),"",IF($AJ18=0,0,IFERROR(MIN(1,MAX(INDEX(Ir_Min,MATCH(INDEX(SANS_BrkType,MATCH($AJ18,SANS_Breaker,0)),Ir_Type,0)),CEILING(ROUND($B18*Fac_BrkSF/$AJ18,6),INDEX(Ir_Step,MATCH(INDEX(SANS_BrkType,MATCH($AJ18,SANS_Breaker,0)),Ir_Type,0)))))*$AJ18,$AJ18))/($AI18*$AG18*$AH18)) | AL18: =IF(OR($B18="",$AC18<>TRUE),"",IF($I18="Rubber",4,0)+IF($BA18=TRUE,2,0)+IF($AE18=2,1,2)) | AM18: =IF(OR($B18="",$AC18<>TRUE),"",IF($J18="Aluminium",Fac_AlmV,1)) | AN18: =IF(OR($B18="",$AC18<>TRUE),"",Fac_VdLimit*$G18*1000/($B18*$F18*$AM18)) | AO18: =IF(OR($B18="",$AC18<>TRUE),"",IF($AT18=0,0,MAX($AT18,$AU18))) | AP18: =IF(OR(OR($B18="",$AC18<>TRUE),NOT(ISNUMBER($AV18))),"",_xlfn.MINIFS(SANS_Size,INDEX(IF($I18="Rubber",SANS_CCC_Rub,SANS_CCC),0,$AF18),">="&$AK18/($AO18*$AV18),SANS_Size,"<="&Fac_MaxSize)) | AQ18: =IF(OR(OR($B18="",$AC18<>TRUE),NOT(ISNUMBER($AV18))),"",_xlfn.MINIFS(SANS_Size,INDEX(SANS_mV,0,$AL18),"<="&$AN18*$AO18,SANS_Size,"<="&Fac_MaxSize)) | AR18: =IF(OR($B18="",$AC18<>TRUE),"",IF(OR($AJ18=0,$AO18=0,$AO18>Fac_MaxRuns,$AP18=0,$AQ18=0),NA(),MAX($AP18,$AQ18,$AZ18))) | AS18: =IF(OR($B18="",$AC18<>TRUE),"",VLOOKUP($E18,Map_Install,3,FALSE)&"|"&IF($M18="","Touching",$M18)) | AT18: =IF(OR($B18="",$AC18<>TRUE),"",_xlfn.MINIFS(Grp_N,INDEX(Grp_Eff,MATCH($AS18,Grp_Key,0),0),">="&$AK18/_xlfn.MAXIFS(INDEX(IF($I18="Rubber",SANS_CCC_Rub,SANS_CCC),0,$AF18),SANS_Size,"<="&Fac_MaxSize),Grp_N,"<="&Fac_MaxRuns)) | AU18: =IF(OR($B18="",$AC18<>TRUE),"",MAX(1,ROUNDUP(_xlfn.MINIFS(INDEX(SANS_mV,0,$AL18),SANS_Size,"<="&Fac_MaxSize)/$AN18,0))) | AV18: {=IF(OR($B18="",$AC18<>TRUE),"",IFERROR(IF(OR($AO18=0,$AO18>Fac_MaxRuns),"",INDEX(Grp_Cg,MATCH($AS18,Grp_Key,0),$AO18)),""))} | AW18: =IF(OR($B18="",$AC18<>TRUE),"",INDEX(SC_k,MATCH($J18&"|"&$I18,SC_kKey,0))) | AX18: =IF(OR($B18="",$AC18<>TRUE),"",IF($O18="",IFERROR(INDEX(Dev_t,MATCH(INDEX(SANS_BrkType,MATCH($AJ18,SANS_Breaker,0)),Dev_Type,0)),0.4),$O18)) | AY18: =IF(OR(OR($B18="",$AC18<>TRUE),$N18=""),"",$N18*1000*SQRT($AX18)/$AW18) | AZ18: =IF(OR($B18="",$AC18<>TRUE),"",IF($N18="",0,IF(_xlfn.MINIFS(SANS_Size,SANS_Size,">="&$AY18,SANS_Size,"<="&Fac_MaxSize,INDEX(IF($I18="Rubber",SANS_CCC_Rub,SANS_CCC),0,$AF18),">0")=0,NA(),_xlfn.MINIFS(SANS_Size,SANS_Size,">="&$AY18,SANS_Size,"<="&Fac_MaxSize,INDEX(IF($I18="Rubber",SANS_CCC_Rub,SANS_CCC),0,$AF18),">0")))) | BA18: =IF($B18="","",IFERROR(INDEX(Map_Cores,MATCH($K18,INDEX(Map_Cores,0,1),0),3)=1,FALSE)) | BB18: =IF($B18="","",IFERROR(IF($BA18=TRUE,"F",VLOOKUP($E18,Map_Install,2,FALSE))&"|"&VLOOKUP($K18,Map_Cores,2,FALSE),"")) | BC18: {=IF(OR($B18="",$AC18=TRUE),"",IFERROR(_xlfn.IFS(AND($I18="Rubber",$J18="Aluminium"),"H07RN-F is copper only",AND($I18="Rubber",OR(VLOOKUP($E18,Map_Install,2,FALSE)="B",VLOOKUP($E18,Map_Install,2,FALSE)="D")),"rubber flex not rated in conduit/buried",AND($BA18=TRUE,OR(VLOOKUP($E18,Map_Install,2,FALSE)="B",VLOOKUP($E18,Map_Install,2,FALSE)="D")),"single-core: air/surface/tray only – use multicore",TRUE,"check inputs (spacing valid for install?)"),"check inputs"))}
A19: 8 | P19: =IF($B19="","",IF(NOT($AC19),"",IF(ISNUMBER($AR19),$AO19,""))) | Q19: =IF($B19="","",IF(NOT($AC19),"Check inputs",IFERROR($AR19,"Single-core / busbar"))) | R19: =IF(OR($B19="",NOT(ISNUMBER($AR19))),"",$AV19) | S19: {=IF(OR($B19="",NOT(ISNUMBER($AR19))),"",INDEX(IF($I19="Rubber",SANS_CCC_Rub,SANS_CCC),MATCH($AR19,SANS_Size,0),$AF19)*$AG19*$AH19*$AI19*$AV19*$AO19)} | T19: =IF($U19="","",$U19*$G19) | U19: {=IF(OR($B19="",NOT(ISNUMBER($AR19))),"",INDEX(SANS_mV,MATCH($AR19,SANS_Size,0),$AL19)*$AM19*($B19/$AO19)*$F19/1000/$G19)} | V19: =IF($B19="","",IF(NOT($AC19),"",IF($AJ19=0,"Exceeds range",$AJ19))) | W19: =IF(OR($B19="",NOT(ISNUMBER($V19))),"",INDEX(SANS_BrkType,MATCH($V19,SANS_Breaker,0))) | X19: =IF(OR($B19="",NOT(ISNUMBER($V19))),"",IFERROR(MIN(1,MAX(INDEX(Ir_Min,MATCH($W19,Ir_Type,0)),CEILING(ROUND($B19*Fac_BrkSF/$V19,6),INDEX(Ir_Step,MATCH($W19,Ir_Type,0)))))*$V19,$V19)) | Y19: =IF(NOT(ISNUMBER($AR19)),"",IF($AR19<=16,$AR19,IF($AR19<=35,16,_xlfn.MINIFS(SANS_Size,SANS_Size,">="&$AR19/2)))) | Z19: =IF(OR($B19="",NOT(ISNUMBER($AR19))),"",IF($N19="","Not checked",$AW19*$AR19/SQRT($AX19)/1000)) | AA19: {=IF($B19="","",_xlfn.IFS(NOT($AC19),"FAIL – "&$BC19,NOT(ISNUMBER($AR19)),"FAIL – exceeds range",$U19>Fac_VdLimit,"FAIL – volt drop",IF(ISNUMBER($X19),$X19,$V19)<$B19*Fac_BrkSF,"FAIL – breaker < Ib × SF",$S19<IF(ISNUMBER($X19),$X19,$V19),"FAIL – CCC < Ir setting",AND(ISNUMBER($Z19),$N19>$Z19),"FAIL – short circuit",AND($AE19=2,$G19>250),"CHECK – 1ph: use 230 V",AND($AE19=3,$G19<300),"CHECK – 3ph: use 400 V",TRUE,"OK"))} | AC19: =IF($B19="","",IFERROR(AND(ISNUMBER($B19),$B19>0,ISNUMBER($F19),$F19>0,ISNUMBER($G19),$G19>0,ISNUMBER(MATCH($E19,INDEX(Map_Install,0,1),0)),ISNUMBER(MATCH($K19,INDEX(Map_Cores,0,1),0)),OR($I19="PVC",$I19="XLPE",$I19="Rubber"),OR($J19="Copper",$J19="Aluminium"),OR($L19="",AND(ISNUMBER($L19),$L19>0,$L19<=1.5)),ISNUMBER(MATCH(VLOOKUP($E19,Map_Install,3,FALSE)&"|"&IF($M19="","Touching",$M19),Grp_Key,0)),OR($N19="",AND(ISNUMBER($N19),$N19>0)),OR($O19="",AND(ISNUMBER($O19),$O19>0,$O19<=5)),ISNUMBER(MATCH($BB19,SANS_CCCkey,0)),COUNT(INDEX(IF($I19="Rubber",SANS_CCC_Rub,SANS_CCC),0,MATCH($BB19,SANS_CCCkey,0)))>0,NOT(AND($I19="Rubber",$J19="Aluminium")),NOT(AND(OR($I19="Rubber",$BA19=TRUE),OR(VLOOKUP($E19,Map_Install,2,FALSE)="B",VLOOKUP($E19,Map_Install,2,FALSE)="D")))),FALSE)) | AD19: =IF(OR($B19="",$AC19<>TRUE),"",IF($BA19=TRUE,"F",VLOOKUP($E19,Map_Install,2,FALSE))) | AE19: =IF(OR($B19="",$AC19<>TRUE),"",VLOOKUP($K19,Map_Cores,2,FALSE)) | AF19: =IF(OR($B19="",$AC19<>TRUE),"",MATCH($AD19&"|"&$AE19,SANS_CCCkey,0)) | AG19: =IF(OR($B19="",$AC19<>TRUE),"",IF($I19="XLPE",Fac_XLPE,1)) | AH19: =IF(OR($B19="",$AC19<>TRUE),"",IF($J19="Aluminium",Fac_Al,1)) | AI19: =IF(OR($B19="",$AC19<>TRUE),"",IF($L19="",Fac_Derate,$L19)) | AJ19: =IF(OR($B19="",$AC19<>TRUE),"",_xlfn.MINIFS(SANS_Breaker,SANS_Breaker,">="&$B19*Fac_BrkSF)) | AK19: =IF(OR($B19="",$AC19<>TRUE),"",IF($AJ19=0,0,IFERROR(MIN(1,MAX(INDEX(Ir_Min,MATCH(INDEX(SANS_BrkType,MATCH($AJ19,SANS_Breaker,0)),Ir_Type,0)),CEILING(ROUND($B19*Fac_BrkSF/$AJ19,6),INDEX(Ir_Step,MATCH(INDEX(SANS_BrkType,MATCH($AJ19,SANS_Breaker,0)),Ir_Type,0)))))*$AJ19,$AJ19))/($AI19*$AG19*$AH19)) | AL19: =IF(OR($B19="",$AC19<>TRUE),"",IF($I19="Rubber",4,0)+IF($BA19=TRUE,2,0)+IF($AE19=2,1,2)) | AM19: =IF(OR($B19="",$AC19<>TRUE),"",IF($J19="Aluminium",Fac_AlmV,1)) | AN19: =IF(OR($B19="",$AC19<>TRUE),"",Fac_VdLimit*$G19*1000/($B19*$F19*$AM19)) | AO19: =IF(OR($B19="",$AC19<>TRUE),"",IF($AT19=0,0,MAX($AT19,$AU19))) | AP19: =IF(OR(OR($B19="",$AC19<>TRUE),NOT(ISNUMBER($AV19))),"",_xlfn.MINIFS(SANS_Size,INDEX(IF($I19="Rubber",SANS_CCC_Rub,SANS_CCC),0,$AF19),">="&$AK19/($AO19*$AV19),SANS_Size,"<="&Fac_MaxSize)) | AQ19: =IF(OR(OR($B19="",$AC19<>TRUE),NOT(ISNUMBER($AV19))),"",_xlfn.MINIFS(SANS_Size,INDEX(SANS_mV,0,$AL19),"<="&$AN19*$AO19,SANS_Size,"<="&Fac_MaxSize)) | AR19: =IF(OR($B19="",$AC19<>TRUE),"",IF(OR($AJ19=0,$AO19=0,$AO19>Fac_MaxRuns,$AP19=0,$AQ19=0),NA(),MAX($AP19,$AQ19,$AZ19))) | AS19: =IF(OR($B19="",$AC19<>TRUE),"",VLOOKUP($E19,Map_Install,3,FALSE)&"|"&IF($M19="","Touching",$M19)) | AT19: =IF(OR($B19="",$AC19<>TRUE),"",_xlfn.MINIFS(Grp_N,INDEX(Grp_Eff,MATCH($AS19,Grp_Key,0),0),">="&$AK19/_xlfn.MAXIFS(INDEX(IF($I19="Rubber",SANS_CCC_Rub,SANS_CCC),0,$AF19),SANS_Size,"<="&Fac_MaxSize),Grp_N,"<="&Fac_MaxRuns)) | AU19: =IF(OR($B19="",$AC19<>TRUE),"",MAX(1,ROUNDUP(_xlfn.MINIFS(INDEX(SANS_mV,0,$AL19),SANS_Size,"<="&Fac_MaxSize)/$AN19,0))) | AV19: {=IF(OR($B19="",$AC19<>TRUE),"",IFERROR(IF(OR($AO19=0,$AO19>Fac_MaxRuns),"",INDEX(Grp_Cg,MATCH($AS19,Grp_Key,0),$AO19)),""))} | AW19: =IF(OR($B19="",$AC19<>TRUE),"",INDEX(SC_k,MATCH($J19&"|"&$I19,SC_kKey,0))) | AX19: =IF(OR($B19="",$AC19<>TRUE),"",IF($O19="",IFERROR(INDEX(Dev_t,MATCH(INDEX(SANS_BrkType,MATCH($AJ19,SANS_Breaker,0)),Dev_Type,0)),0.4),$O19)) | AY19: =IF(OR(OR($B19="",$AC19<>TRUE),$N19=""),"",$N19*1000*SQRT($AX19)/$AW19) | AZ19: =IF(OR($B19="",$AC19<>TRUE),"",IF($N19="",0,IF(_xlfn.MINIFS(SANS_Size,SANS_Size,">="&$AY19,SANS_Size,"<="&Fac_MaxSize,INDEX(IF($I19="Rubber",SANS_CCC_Rub,SANS_CCC),0,$AF19),">0")=0,NA(),_xlfn.MINIFS(SANS_Size,SANS_Size,">="&$AY19,SANS_Size,"<="&Fac_MaxSize,INDEX(IF($I19="Rubber",SANS_CCC_Rub,SANS_CCC),0,$AF19),">0")))) | BA19: =IF($B19="","",IFERROR(INDEX(Map_Cores,MATCH($K19,INDEX(Map_Cores,0,1),0),3)=1,FALSE)) | BB19: =IF($B19="","",IFERROR(IF($BA19=TRUE,"F",VLOOKUP($E19,Map_Install,2,FALSE))&"|"&VLOOKUP($K19,Map_Cores,2,FALSE),"")) | BC19: {=IF(OR($B19="",$AC19=TRUE),"",IFERROR(_xlfn.IFS(AND($I19="Rubber",$J19="Aluminium"),"H07RN-F is copper only",AND($I19="Rubber",OR(VLOOKUP($E19,Map_Install,2,FALSE)="B",VLOOKUP($E19,Map_Install,2,FALSE)="D")),"rubber flex not rated in conduit/buried",AND($BA19=TRUE,OR(VLOOKUP($E19,Map_Install,2,FALSE)="B",VLOOKUP($E19,Map_Install,2,FALSE)="D")),"single-core: air/surface/tray only – use multicore",TRUE,"check inputs (spacing valid for install?)"),"check inputs"))}
A20: 9 | P20: =IF($B20="","",IF(NOT($AC20),"",IF(ISNUMBER($AR20),$AO20,""))) | Q20: =IF($B20="","",IF(NOT($AC20),"Check inputs",IFERROR($AR20,"Single-core / busbar"))) | R20: =IF(OR($B20="",NOT(ISNUMBER($AR20))),"",$AV20) | S20: {=IF(OR($B20="",NOT(ISNUMBER($AR20))),"",INDEX(IF($I20="Rubber",SANS_CCC_Rub,SANS_CCC),MATCH($AR20,SANS_Size,0),$AF20)*$AG20*$AH20*$AI20*$AV20*$AO20)} | T20: =IF($U20="","",$U20*$G20) | U20: {=IF(OR($B20="",NOT(ISNUMBER($AR20))),"",INDEX(SANS_mV,MATCH($AR20,SANS_Size,0),$AL20)*$AM20*($B20/$AO20)*$F20/1000/$G20)} | V20: =IF($B20="","",IF(NOT($AC20),"",IF($AJ20=0,"Exceeds range",$AJ20))) | W20: =IF(OR($B20="",NOT(ISNUMBER($V20))),"",INDEX(SANS_BrkType,MATCH($V20,SANS_Breaker,0))) | X20: =IF(OR($B20="",NOT(ISNUMBER($V20))),"",IFERROR(MIN(1,MAX(INDEX(Ir_Min,MATCH($W20,Ir_Type,0)),CEILING(ROUND($B20*Fac_BrkSF/$V20,6),INDEX(Ir_Step,MATCH($W20,Ir_Type,0)))))*$V20,$V20)) | Y20: =IF(NOT(ISNUMBER($AR20)),"",IF($AR20<=16,$AR20,IF($AR20<=35,16,_xlfn.MINIFS(SANS_Size,SANS_Size,">="&$AR20/2)))) | Z20: =IF(OR($B20="",NOT(ISNUMBER($AR20))),"",IF($N20="","Not checked",$AW20*$AR20/SQRT($AX20)/1000)) | AA20: {=IF($B20="","",_xlfn.IFS(NOT($AC20),"FAIL – "&$BC20,NOT(ISNUMBER($AR20)),"FAIL – exceeds range",$U20>Fac_VdLimit,"FAIL – volt drop",IF(ISNUMBER($X20),$X20,$V20)<$B20*Fac_BrkSF,"FAIL – breaker < Ib × SF",$S20<IF(ISNUMBER($X20),$X20,$V20),"FAIL – CCC < Ir setting",AND(ISNUMBER($Z20),$N20>$Z20),"FAIL – short circuit",AND($AE20=2,$G20>250),"CHECK – 1ph: use 230 V",AND($AE20=3,$G20<300),"CHECK – 3ph: use 400 V",TRUE,"OK"))} | AC20: =IF($B20="","",IFERROR(AND(ISNUMBER($B20),$B20>0,ISNUMBER($F20),$F20>0,ISNUMBER($G20),$G20>0,ISNUMBER(MATCH($E20,INDEX(Map_Install,0,1),0)),ISNUMBER(MATCH($K20,INDEX(Map_Cores,0,1),0)),OR($I20="PVC",$I20="XLPE",$I20="Rubber"),OR($J20="Copper",$J20="Aluminium"),OR($L20="",AND(ISNUMBER($L20),$L20>0,$L20<=1.5)),ISNUMBER(MATCH(VLOOKUP($E20,Map_Install,3,FALSE)&"|"&IF($M20="","Touching",$M20),Grp_Key,0)),OR($N20="",AND(ISNUMBER($N20),$N20>0)),OR($O20="",AND(ISNUMBER($O20),$O20>0,$O20<=5)),ISNUMBER(MATCH($BB20,SANS_CCCkey,0)),COUNT(INDEX(IF($I20="Rubber",SANS_CCC_Rub,SANS_CCC),0,MATCH($BB20,SANS_CCCkey,0)))>0,NOT(AND($I20="Rubber",$J20="Aluminium")),NOT(AND(OR($I20="Rubber",$BA20=TRUE),OR(VLOOKUP($E20,Map_Install,2,FALSE)="B",VLOOKUP($E20,Map_Install,2,FALSE)="D")))),FALSE)) | AD20: =IF(OR($B20="",$AC20<>TRUE),"",IF($BA20=TRUE,"F",VLOOKUP($E20,Map_Install,2,FALSE))) | AE20: =IF(OR($B20="",$AC20<>TRUE),"",VLOOKUP($K20,Map_Cores,2,FALSE)) | AF20: =IF(OR($B20="",$AC20<>TRUE),"",MATCH($AD20&"|"&$AE20,SANS_CCCkey,0)) | AG20: =IF(OR($B20="",$AC20<>TRUE),"",IF($I20="XLPE",Fac_XLPE,1)) | AH20: =IF(OR($B20="",$AC20<>TRUE),"",IF($J20="Aluminium",Fac_Al,1)) | AI20: =IF(OR($B20="",$AC20<>TRUE),"",IF($L20="",Fac_Derate,$L20)) | AJ20: =IF(OR($B20="",$AC20<>TRUE),"",_xlfn.MINIFS(SANS_Breaker,SANS_Breaker,">="&$B20*Fac_BrkSF)) | AK20: =IF(OR($B20="",$AC20<>TRUE),"",IF($AJ20=0,0,IFERROR(MIN(1,MAX(INDEX(Ir_Min,MATCH(INDEX(SANS_BrkType,MATCH($AJ20,SANS_Breaker,0)),Ir_Type,0)),CEILING(ROUND($B20*Fac_BrkSF/$AJ20,6),INDEX(Ir_Step,MATCH(INDEX(SANS_BrkType,MATCH($AJ20,SANS_Breaker,0)),Ir_Type,0)))))*$AJ20,$AJ20))/($AI20*$AG20*$AH20)) | AL20: =IF(OR($B20="",$AC20<>TRUE),"",IF($I20="Rubber",4,0)+IF($BA20=TRUE,2,0)+IF($AE20=2,1,2)) | AM20: =IF(OR($B20="",$AC20<>TRUE),"",IF($J20="Aluminium",Fac_AlmV,1)) | AN20: =IF(OR($B20="",$AC20<>TRUE),"",Fac_VdLimit*$G20*1000/($B20*$F20*$AM20)) | AO20: =IF(OR($B20="",$AC20<>TRUE),"",IF($AT20=0,0,MAX($AT20,$AU20))) | AP20: =IF(OR(OR($B20="",$AC20<>TRUE),NOT(ISNUMBER($AV20))),"",_xlfn.MINIFS(SANS_Size,INDEX(IF($I20="Rubber",SANS_CCC_Rub,SANS_CCC),0,$AF20),">="&$AK20/($AO20*$AV20),SANS_Size,"<="&Fac_MaxSize)) | AQ20: =IF(OR(OR($B20="",$AC20<>TRUE),NOT(ISNUMBER($AV20))),"",_xlfn.MINIFS(SANS_Size,INDEX(SANS_mV,0,$AL20),"<="&$AN20*$AO20,SANS_Size,"<="&Fac_MaxSize)) | AR20: =IF(OR($B20="",$AC20<>TRUE),"",IF(OR($AJ20=0,$AO20=0,$AO20>Fac_MaxRuns,$AP20=0,$AQ20=0),NA(),MAX($AP20,$AQ20,$AZ20))) | AS20: =IF(OR($B20="",$AC20<>TRUE),"",VLOOKUP($E20,Map_Install,3,FALSE)&"|"&IF($M20="","Touching",$M20)) | AT20: =IF(OR($B20="",$AC20<>TRUE),"",_xlfn.MINIFS(Grp_N,INDEX(Grp_Eff,MATCH($AS20,Grp_Key,0),0),">="&$AK20/_xlfn.MAXIFS(INDEX(IF($I20="Rubber",SANS_CCC_Rub,SANS_CCC),0,$AF20),SANS_Size,"<="&Fac_MaxSize),Grp_N,"<="&Fac_MaxRuns)) | AU20: =IF(OR($B20="",$AC20<>TRUE),"",MAX(1,ROUNDUP(_xlfn.MINIFS(INDEX(SANS_mV,0,$AL20),SANS_Size,"<="&Fac_MaxSize)/$AN20,0))) | AV20: {=IF(OR($B20="",$AC20<>TRUE),"",IFERROR(IF(OR($AO20=0,$AO20>Fac_MaxRuns),"",INDEX(Grp_Cg,MATCH($AS20,Grp_Key,0),$AO20)),""))} | AW20: =IF(OR($B20="",$AC20<>TRUE),"",INDEX(SC_k,MATCH($J20&"|"&$I20,SC_kKey,0))) | AX20: =IF(OR($B20="",$AC20<>TRUE),"",IF($O20="",IFERROR(INDEX(Dev_t,MATCH(INDEX(SANS_BrkType,MATCH($AJ20,SANS_Breaker,0)),Dev_Type,0)),0.4),$O20)) | AY20: =IF(OR(OR($B20="",$AC20<>TRUE),$N20=""),"",$N20*1000*SQRT($AX20)/$AW20) | AZ20: =IF(OR($B20="",$AC20<>TRUE),"",IF($N20="",0,IF(_xlfn.MINIFS(SANS_Size,SANS_Size,">="&$AY20,SANS_Size,"<="&Fac_MaxSize,INDEX(IF($I20="Rubber",SANS_CCC_Rub,SANS_CCC),0,$AF20),">0")=0,NA(),_xlfn.MINIFS(SANS_Size,SANS_Size,">="&$AY20,SANS_Size,"<="&Fac_MaxSize,INDEX(IF($I20="Rubber",SANS_CCC_Rub,SANS_CCC),0,$AF20),">0")))) | BA20: =IF($B20="","",IFERROR(INDEX(Map_Cores,MATCH($K20,INDEX(Map_Cores,0,1),0),3)=1,FALSE)) | BB20: =IF($B20="","",IFERROR(IF($BA20=TRUE,"F",VLOOKUP($E20,Map_Install,2,FALSE))&"|"&VLOOKUP($K20,Map_Cores,2,FALSE),"")) | BC20: {=IF(OR($B20="",$AC20=TRUE),"",IFERROR(_xlfn.IFS(AND($I20="Rubber",$J20="Aluminium"),"H07RN-F is copper only",AND($I20="Rubber",OR(VLOOKUP($E20,Map_Install,2,FALSE)="B",VLOOKUP($E20,Map_Install,2,FALSE)="D")),"rubber flex not rated in conduit/buried",AND($BA20=TRUE,OR(VLOOKUP($E20,Map_Install,2,FALSE)="B",VLOOKUP($E20,Map_Install,2,FALSE)="D")),"single-core: air/surface/tray only – use multicore",TRUE,"check inputs (spacing valid for install?)"),"check inputs"))}
A21: 10 | P21: =IF($B21="","",IF(NOT($AC21),"",IF(ISNUMBER($AR21),$AO21,""))) | Q21: =IF($B21="","",IF(NOT($AC21),"Check inputs",IFERROR($AR21,"Single-core / busbar"))) | R21: =IF(OR($B21="",NOT(ISNUMBER($AR21))),"",$AV21) | S21: {=IF(OR($B21="",NOT(ISNUMBER($AR21))),"",INDEX(IF($I21="Rubber",SANS_CCC_Rub,SANS_CCC),MATCH($AR21,SANS_Size,0),$AF21)*$AG21*$AH21*$AI21*$AV21*$AO21)} | T21: =IF($U21="","",$U21*$G21) | U21: {=IF(OR($B21="",NOT(ISNUMBER($AR21))),"",INDEX(SANS_mV,MATCH($AR21,SANS_Size,0),$AL21)*$AM21*($B21/$AO21)*$F21/1000/$G21)} | V21: =IF($B21="","",IF(NOT($AC21),"",IF($AJ21=0,"Exceeds range",$AJ21))) | W21: =IF(OR($B21="",NOT(ISNUMBER($V21))),"",INDEX(SANS_BrkType,MATCH($V21,SANS_Breaker,0))) | X21: =IF(OR($B21="",NOT(ISNUMBER($V21))),"",IFERROR(MIN(1,MAX(INDEX(Ir_Min,MATCH($W21,Ir_Type,0)),CEILING(ROUND($B21*Fac_BrkSF/$V21,6),INDEX(Ir_Step,MATCH($W21,Ir_Type,0)))))*$V21,$V21)) | Y21: =IF(NOT(ISNUMBER($AR21)),"",IF($AR21<=16,$AR21,IF($AR21<=35,16,_xlfn.MINIFS(SANS_Size,SANS_Size,">="&$AR21/2)))) | Z21: =IF(OR($B21="",NOT(ISNUMBER($AR21))),"",IF($N21="","Not checked",$AW21*$AR21/SQRT($AX21)/1000)) | AA21: {=IF($B21="","",_xlfn.IFS(NOT($AC21),"FAIL – "&$BC21,NOT(ISNUMBER($AR21)),"FAIL – exceeds range",$U21>Fac_VdLimit,"FAIL – volt drop",IF(ISNUMBER($X21),$X21,$V21)<$B21*Fac_BrkSF,"FAIL – breaker < Ib × SF",$S21<IF(ISNUMBER($X21),$X21,$V21),"FAIL – CCC < Ir setting",AND(ISNUMBER($Z21),$N21>$Z21),"FAIL – short circuit",AND($AE21=2,$G21>250),"CHECK – 1ph: use 230 V",AND($AE21=3,$G21<300),"CHECK – 3ph: use 400 V",TRUE,"OK"))} | AC21: =IF($B21="","",IFERROR(AND(ISNUMBER($B21),$B21>0,ISNUMBER($F21),$F21>0,ISNUMBER($G21),$G21>0,ISNUMBER(MATCH($E21,INDEX(Map_Install,0,1),0)),ISNUMBER(MATCH($K21,INDEX(Map_Cores,0,1),0)),OR($I21="PVC",$I21="XLPE",$I21="Rubber"),OR($J21="Copper",$J21="Aluminium"),OR($L21="",AND(ISNUMBER($L21),$L21>0,$L21<=1.5)),ISNUMBER(MATCH(VLOOKUP($E21,Map_Install,3,FALSE)&"|"&IF($M21="","Touching",$M21),Grp_Key,0)),OR($N21="",AND(ISNUMBER($N21),$N21>0)),OR($O21="",AND(ISNUMBER($O21),$O21>0,$O21<=5)),ISNUMBER(MATCH($BB21,SANS_CCCkey,0)),COUNT(INDEX(IF($I21="Rubber",SANS_CCC_Rub,SANS_CCC),0,MATCH($BB21,SANS_CCCkey,0)))>0,NOT(AND($I21="Rubber",$J21="Aluminium")),NOT(AND(OR($I21="Rubber",$BA21=TRUE),OR(VLOOKUP($E21,Map_Install,2,FALSE)="B",VLOOKUP($E21,Map_Install,2,FALSE)="D")))),FALSE)) | AD21: =IF(OR($B21="",$AC21<>TRUE),"",IF($BA21=TRUE,"F",VLOOKUP($E21,Map_Install,2,FALSE))) | AE21: =IF(OR($B21="",$AC21<>TRUE),"",VLOOKUP($K21,Map_Cores,2,FALSE)) | AF21: =IF(OR($B21="",$AC21<>TRUE),"",MATCH($AD21&"|"&$AE21,SANS_CCCkey,0)) | AG21: =IF(OR($B21="",$AC21<>TRUE),"",IF($I21="XLPE",Fac_XLPE,1)) | AH21: =IF(OR($B21="",$AC21<>TRUE),"",IF($J21="Aluminium",Fac_Al,1)) | AI21: =IF(OR($B21="",$AC21<>TRUE),"",IF($L21="",Fac_Derate,$L21)) | AJ21: =IF(OR($B21="",$AC21<>TRUE),"",_xlfn.MINIFS(SANS_Breaker,SANS_Breaker,">="&$B21*Fac_BrkSF)) | AK21: =IF(OR($B21="",$AC21<>TRUE),"",IF($AJ21=0,0,IFERROR(MIN(1,MAX(INDEX(Ir_Min,MATCH(INDEX(SANS_BrkType,MATCH($AJ21,SANS_Breaker,0)),Ir_Type,0)),CEILING(ROUND($B21*Fac_BrkSF/$AJ21,6),INDEX(Ir_Step,MATCH(INDEX(SANS_BrkType,MATCH($AJ21,SANS_Breaker,0)),Ir_Type,0)))))*$AJ21,$AJ21))/($AI21*$AG21*$AH21)) | AL21: =IF(OR($B21="",$AC21<>TRUE),"",IF($I21="Rubber",4,0)+IF($BA21=TRUE,2,0)+IF($AE21=2,1,2)) | AM21: =IF(OR($B21="",$AC21<>TRUE),"",IF($J21="Aluminium",Fac_AlmV,1)) | AN21: =IF(OR($B21="",$AC21<>TRUE),"",Fac_VdLimit*$G21*1000/($B21*$F21*$AM21)) | AO21: =IF(OR($B21="",$AC21<>TRUE),"",IF($AT21=0,0,MAX($AT21,$AU21))) | AP21: =IF(OR(OR($B21="",$AC21<>TRUE),NOT(ISNUMBER($AV21))),"",_xlfn.MINIFS(SANS_Size,INDEX(IF($I21="Rubber",SANS_CCC_Rub,SANS_CCC),0,$AF21),">="&$AK21/($AO21*$AV21),SANS_Size,"<="&Fac_MaxSize)) | AQ21: =IF(OR(OR($B21="",$AC21<>TRUE),NOT(ISNUMBER($AV21))),"",_xlfn.MINIFS(SANS_Size,INDEX(SANS_mV,0,$AL21),"<="&$AN21*$AO21,SANS_Size,"<="&Fac_MaxSize)) | AR21: =IF(OR($B21="",$AC21<>TRUE),"",IF(OR($AJ21=0,$AO21=0,$AO21>Fac_MaxRuns,$AP21=0,$AQ21=0),NA(),MAX($AP21,$AQ21,$AZ21))) | AS21: =IF(OR($B21="",$AC21<>TRUE),"",VLOOKUP($E21,Map_Install,3,FALSE)&"|"&IF($M21="","Touching",$M21)) | AT21: =IF(OR($B21="",$AC21<>TRUE),"",_xlfn.MINIFS(Grp_N,INDEX(Grp_Eff,MATCH($AS21,Grp_Key,0),0),">="&$AK21/_xlfn.MAXIFS(INDEX(IF($I21="Rubber",SANS_CCC_Rub,SANS_CCC),0,$AF21),SANS_Size,"<="&Fac_MaxSize),Grp_N,"<="&Fac_MaxRuns)) | AU21: =IF(OR($B21="",$AC21<>TRUE),"",MAX(1,ROUNDUP(_xlfn.MINIFS(INDEX(SANS_mV,0,$AL21),SANS_Size,"<="&Fac_MaxSize)/$AN21,0))) | AV21: {=IF(OR($B21="",$AC21<>TRUE),"",IFERROR(IF(OR($AO21=0,$AO21>Fac_MaxRuns),"",INDEX(Grp_Cg,MATCH($AS21,Grp_Key,0),$AO21)),""))} | AW21: =IF(OR($B21="",$AC21<>TRUE),"",INDEX(SC_k,MATCH($J21&"|"&$I21,SC_kKey,0))) | AX21: =IF(OR($B21="",$AC21<>TRUE),"",IF($O21="",IFERROR(INDEX(Dev_t,MATCH(INDEX(SANS_BrkType,MATCH($AJ21,SANS_Breaker,0)),Dev_Type,0)),0.4),$O21)) | AY21: =IF(OR(OR($B21="",$AC21<>TRUE),$N21=""),"",$N21*1000*SQRT($AX21)/$AW21) | AZ21: =IF(OR($B21="",$AC21<>TRUE),"",IF($N21="",0,IF(_xlfn.MINIFS(SANS_Size,SANS_Size,">="&$AY21,SANS_Size,"<="&Fac_MaxSize,INDEX(IF($I21="Rubber",SANS_CCC_Rub,SANS_CCC),0,$AF21),">0")=0,NA(),_xlfn.MINIFS(SANS_Size,SANS_Size,">="&$AY21,SANS_Size,"<="&Fac_MaxSize,INDEX(IF($I21="Rubber",SANS_CCC_Rub,SANS_CCC),0,$AF21),">0")))) | BA21: =IF($B21="","",IFERROR(INDEX(Map_Cores,MATCH($K21,INDEX(Map_Cores,0,1),0),3)=1,FALSE)) | BB21: =IF($B21="","",IFERROR(IF($BA21=TRUE,"F",VLOOKUP($E21,Map_Install,2,FALSE))&"|"&VLOOKUP($K21,Map_Cores,2,FALSE),"")) | BC21: {=IF(OR($B21="",$AC21=TRUE),"",IFERROR(_xlfn.IFS(AND($I21="Rubber",$J21="Aluminium"),"H07RN-F is copper only",AND($I21="Rubber",OR(VLOOKUP($E21,Map_Install,2,FALSE)="B",VLOOKUP($E21,Map_Install,2,FALSE)="D")),"rubber flex not rated in conduit/buried",AND($BA21=TRUE,OR(VLOOKUP($E21,Map_Install,2,FALSE)="B",VLOOKUP($E21,Map_Install,2,FALSE)="D")),"single-core: air/surface/tray only – use multicore",TRUE,"check inputs (spacing valid for install?)"),"check inputs"))}
A23: Notes / Assumptions:
A24: • Ratings from 'Cable Data': PVC multicore ≤ 300 mm² per SANS 10142-1 / IEC 60364-5-52 (XLPE and Al via factors on 'SANS Data'); Rubber = H07RN-F (EN 50525-2-21) manufacturer data, 60°C, 1.5–630 mm². VERIFY all values.
A25: • Protection per IEC 60364-4-43 cl. 433.1 / SANS 10142-1: Ib × SF ≤ Ir ≤ In and Ir ≤ Iz. Safety factor SF (default 1.25) on 'SANS Data' X52. Frame In = smallest standard rating ≥ Ib × SF (6–6300 A). Trip setting Ir (col X) = smallest setting ≥ Ib × SF (MCB fixed; MCCB 0.7–1.0 In; ACB 0.4–1.0 In); cable sized to Ir. Ranges editable on 'SANS Data' W47:Z50.
A26: • Phase from cores: 2-core = single-phase (use 230 V); 3/4-core = three-phase (use 400 V). Status shows CHECK if the voltage doesn't suit the cores.
A27: • Derating: Iz = It × Ca × Cg. Cg for parallel runs is applied automatically (IEC 60364-5-52 B.52.17–B.52.19) from installation method + spacing (col M). Column L = other factors only (ambient/soil temperature, grouping with OTHER circuits).
A28: • Parallel runs (IEC 60364-5-52 cl. 523.7): same conductor, size, length and route. Practical max runs and max size per run set on 'SANS Data'. Output size, earth and SC withstand are per run; CCC is the total for the set.
A29: • Earth conductor per IEC 60364-5-54 Table 54.2 (same material): S ≤ 16 → S; 16–35 → 16; > 35 → S/2. Per run. Armour may serve as earth if verified by adiabatic check.
A30: • Status: FAIL = invalid inputs, out of range, volt drop over limit, breaker < Ib, CCC < breaker, or cable SC withstand < fault level.
A31: • Short circuit (IEC 60364-4-43 cl. 434.5.2): S ≥ Ik·√t / k, full prospective Ik on each run (conservative). k from Table 43A. Default t by device (MCB/MCCB 0.1 s, ACB 0.4 s short-time delay). For current-limiting MCB/MCCB the device I²t let-through gives a smaller, more accurate result.
A32: • Large currents (design up to 2500 A, breaker up to 3200 A with SF 1.25): select 'Single-core (3ph trefoil)' in free air, on tray/ladder, clipped or surface – PVC/XLPE (IEC 60364-5-52 B.52.10) or H07RN-F rubber, up to 630 mm², max 6 per phase. Single-core is not offered in conduit or buried (use multicore, or busbar trunking for large buried/enclosed feeders). H07RN-F 3ph ratings derived (Fac_Trefoil) – verify.
A33: • Spacing options: in air – Touching or 2 cable dia (Cg = 1); buried direct – Touching/1 cable dia/0.125/0.25/0.5 m; in ducts – Touching/0.25/0.5/1.0 m.
A34: • Rubber flex (H07RN-F) is copper only and not rated in conduit or buried – Status shows the reason. For buried large feeders use armoured PVC/XLPE (add single-core tables) or busbar. Single-core parallel sets: use the multicore grouping factors (conservative); earth shown is per run – a common CPC sized by adiabatic check may be used.

Sheet DC Cable Sizes
D1: =UPPER(IF('Cables Sizes'!$R$1="","Project Name",'Cables Sizes'!$R$1))&CHAR(10)&"DC POWER CABLE SCHEDULE" -> PROJECT NAME DC POWER CABLE SCHEDULE | K1: Project Name | M1: =IF('Cables Sizes'!$R$1="","",'Cables Sizes'!$R$1) | P1: Date | R1: =IF('Cables Sizes'!$X$1="","",'Cables Sizes'!$X$1)
K2: Project Number | M2: =IF('Cables Sizes'!$R$2="","",'Cables Sizes'!$R$2) | P2: Revision | R2: =IF('Cables Sizes'!$X$2="","",'Cables Sizes'!$X$2) -> 00
K3: Document Number | M3: =IF('Cables Sizes'!$R$3="","",'Cables Sizes'!$R$3) | P3: Designed | R3: =IF('Cables Sizes'!$X$3="","",'Cables Sizes'!$X$3)
K4: Address | M4: =IF('Cables Sizes'!$R$4="","",'Cables Sizes'!$R$4) | P4: Checked | R4: =IF('Cables Sizes'!$X$4="","",'Cables Sizes'!$X$4)
K5: Coordinates | M5: =IF('Cables Sizes'!$R$5="","",'Cables Sizes'!$R$5) | P5: Approved | R5: =IF('Cables Sizes'!$X$5="","",'Cables Sizes'!$X$5)
K6: Client | M6: =IF('Cables Sizes'!$R$6="","",'Cables Sizes'!$R$6) | P6: Rev. Description | R6: =IF('Cables Sizes'!$X$6="","",'Cables Sizes'!$X$6)
A8: DC / PV CABLES – SIZING
B10: DC Cable Inputs | K10: Calculated Outputs (DC / PV)
A11: # | B11: Circuit Type | C11: Current Input (A) – Isc per string for PV | D11: Strings in Parallel (PV Array) | E11: Installation Method | F11: Cable Distance one-way (m) | G11: Modules per String (PV) | H11: Module Voltage Vmp (V) | I11: System Voltage (V DC) – if no modules entered | J11: Derating (blank = default) | K11: Total System Voltage (V DC) | L11: Design Current Ib (A) | M11: Cables in Parallel | N11: Recommended Size (mm2) | O11: Cable CCC – total (A) | P11: Voltage Drop (V) | Q11: Voltage Drop (%) | R11: DC MCB/ Fuse Size (A) | S11: Status | U11: Inputs OK | V11: Strings used | W11: Ib mult | X11: Min In mult | Y11: VD limit | Z11: Method col | AA11: Derate used | AB11: Ib | AC11: I for VD | AD11: Min In | AE11: Prot raw | AF11: Req CCC | AG11: R temp fac | AH11: Max R single (ohm/km) | AI11: Runs needed | AJ11: Size by CCC | AK11: Size by VD | AL11: Rec size | AM11: Max size | AN11: Max runs
A12: 1 | B12: PV Array | C12: 16 | D12: 1 | E12: Free Air (single) | F12: 55 | G12: 18 | H12: 50 | I12: =H12*G12 -> 900 | K12: =IF($C12="","",IF(AND(ISNUMBER($G12),ISNUMBER($H12)),$G12*$H12,$I12)) -> 900 | L12: =IF($C12="","",IF(NOT($U12),"",$AB12)) -> 20 | M12: =IF($C12="","",IF(NOT($U12),"",IF(ISNUMBER($AL12),$AI12,""))) -> 1 | N12: =IF($C12="","",IF(NOT($U12),"Check inputs",IFERROR($AL12,"Exceeds range"))) -> 6 | O12: {=IF(OR($C12="",NOT(ISNUMBER($AL12))),"",INDEX(DC_CCC,MATCH($AL12,DC_Size,0),$Z12)*$AA12*$AI12)} -> 70 | P12: =IF(OR($C12="",NOT(ISNUMBER($AL12))),"",2*$F12*($AC12/$AI12)*INDEX(DC_R,MATCH($AL12,DC_Size,0))*$AG12/1000) -> 7.6077566 | Q12: =IF($P12="","",$P12/$K12) -> 0.0084530629 | R12: =IF($C12="","",IF(NOT($U12),"",IF($AE12=0,"Exceeds range",$AE12))) -> 25 | S12: {=IF($C12="","",_xlfn.IFS(NOT($U12),"FAIL – check inputs",$K12>Fac_DCMaxV,"FAIL – voltage > max DC",NOT(ISNUMBER($AL12)),"FAIL – exceeds range",$Q12>$Y12,"FAIL – volt drop",$R12<=$L12,"FAIL – protection not > Ib",$O12<=$R12,"FAIL – CCC not > protection",TRUE,"OK"))} -> OK | U12: =IF($C12="","",AND(ISNUMBER(MATCH($B12,DC_Types,0)),ISNUMBER($C12),$C12>0,OR($D12="",AND(ISNUMBER($D12),$D12>=1,INT($D12)=$D12)),ISNUMBER(MATCH($E12,DC_Method,0)),ISNUMBER($F12),$F12>0,OR($G12="",AND(ISNUMBER($G12),$G12>=1,INT($G12)=$G12)),OR($H12="",AND(ISNUMBER($H12),$H12>0)),ISNUMBER($K12),$K12>0,OR($J12="",AND(ISNUMBER($J12),$J12>0,$J12<=1.5)))) -> TRUE | V12: =IF(OR($C12="",$U12<>TRUE),"",IF($D12="",1,$D12)) -> 1 | W12: =IF(OR($C12="",$U12<>TRUE),"",VLOOKUP($B12,DC_TypeTbl,2,FALSE)) -> 1.25 | X12: =IF(OR($C12="",$U12<>TRUE),"",VLOOKUP($B12,DC_TypeTbl,3,FALSE)) -> 1.25 | Y12: =IF(OR($C12="",$U12<>TRUE),"",VLOOKUP($B12,DC_TypeTbl,4,FALSE)) -> 0.01 | Z12: =IF(OR($C12="",$U12<>TRUE),"",MATCH($E12,DC_Method,0)) -> 1 | AA12: =IF(OR($C12="",$U12<>TRUE),"",IF($J12="",Fac_DCDerate,$J12)) -> 1 | AB12: =IF(OR($C12="",$U12<>TRUE),"",$C12*$V12*$W12) -> 20 | AC12: =IF(OR($C12="",$U12<>TRUE),"",$C12*$V12) -> 16 | AD12: =IF(OR($C12="",$U12<>TRUE),"",$C12*$V12*$X12) -> 20 | AE12: =IF(OR($C12="",$U12<>TRUE),"",_xlfn.MINIFS(DC_Prot,DC_Prot,">"&$AB12,DC_Prot,">="&$AD12)) -> 25 | AF12: =IF(OR($C12="",$U12<>TRUE),"",$AE12/$AA12) -> 25 | AG12: =IF(OR($C12="",$U12<>TRUE),"",1+Fac_CuAlpha*(Fac_DCTemp-20)) -> 1.2751 | AH12: =IF(OR($C12="",$U12<>TRUE),"",$Y12*$K12*1000/(2*$F12*$AC12*$AG12)) -> 4.0103806 | AI12: =IF(OR($C12="",$U12<>TRUE),"",MIN($AN12,MAX(1,INT($AF12/_xlfn.MAXIFS(INDEX(DC_CCC,0,$Z12),DC_Size,"<="&$AM12))+1,ROUNDUP(_xlfn.MINIFS(DC_R,DC_Size,"<="&$AM12)/$AH12,0)))) -> 1 | AJ12: =IF(OR($C12="",$U12<>TRUE),"",_xlfn.MINIFS(DC_Size,INDEX(DC_CCC,0,$Z12),">"&$AF12/$AI12,DC_Size,"<="&$AM12)) -> 1.5 | AK12: =IF(OR($C12="",$U12<>TRUE),"",_xlfn.MINIFS(DC_Size,DC_R,"<="&$AH12*$AI12,DC_Size,"<="&$AM12)) -> 6 | AL12: =IF(OR($C12="",$U12<>TRUE),"",IF(OR($AE12=0,$AJ12=0),NA(),MAX($AJ12,IF($AK12=0,$AM12,$AK12)))) -> 6 | AM12: =IF(OR($C12="",$U12<>TRUE),"",VLOOKUP($B12,DC_TypeTbl,6,FALSE)) -> 10 | AN12: =IF(OR($C12="",$U12<>TRUE),"",VLOOKUP($B12,DC_TypeTbl,7,FALSE)) -> 1
A13: 2 | B13: PV String | C13: 16 | D13: 1 | E13: Free Air (single) | F13: 100 | G13: 18 | H13: 50 | I13: =H13*G13 -> 900 | K13: =IF($C13="","",IF(AND(ISNUMBER($G13),ISNUMBER($H13)),$G13*$H13,$I13)) -> 900 | L13: =IF($C13="","",IF(NOT($U13),"",$AB13)) -> 20 | M13: =IF($C13="","",IF(NOT($U13),"",IF(ISNUMBER($AL13),$AI13,""))) -> 1 | N13: =IF($C13="","",IF(NOT($U13),"Check inputs",IFERROR($AL13,"Exceeds range"))) -> 10 | O13: {=IF(OR($C13="",NOT(ISNUMBER($AL13))),"",INDEX(DC_CCC,MATCH($AL13,DC_Size,0),$Z13)*$AA13*$AI13)} -> 98 | P13: =IF(OR($C13="",NOT(ISNUMBER($AL13))),"",2*$F13*($AC13/$AI13)*INDEX(DC_R,MATCH($AL13,DC_Size,0))*$AG13/1000) -> 7.956624 | Q13: =IF($P13="","",$P13/$K13) -> 0.0088406933 | R13: =IF($C13="","",IF(NOT($U13),"",IF($AE13=0,"Exceeds range",$AE13))) -> 25 | S13: {=IF($C13="","",_xlfn.IFS(NOT($U13),"FAIL – check inputs",$K13>Fac_DCMaxV,"FAIL – voltage > max DC",NOT(ISNUMBER($AL13)),"FAIL – exceeds range",$Q13>$Y13,"FAIL – volt drop",$R13<=$L13,"FAIL – protection not > Ib",$O13<=$R13,"FAIL – CCC not > protection",TRUE,"OK"))} -> OK | U13: =IF($C13="","",AND(ISNUMBER(MATCH($B13,DC_Types,0)),ISNUMBER($C13),$C13>0,OR($D13="",AND(ISNUMBER($D13),$D13>=1,INT($D13)=$D13)),ISNUMBER(MATCH($E13,DC_Method,0)),ISNUMBER($F13),$F13>0,OR($G13="",AND(ISNUMBER($G13),$G13>=1,INT($G13)=$G13)),OR($H13="",AND(ISNUMBER($H13),$H13>0)),ISNUMBER($K13),$K13>0,OR($J13="",AND(ISNUMBER($J13),$J13>0,$J13<=1.5)))) -> TRUE | V13: =IF(OR($C13="",$U13<>TRUE),"",IF($D13="",1,$D13)) -> 1 | W13: =IF(OR($C13="",$U13<>TRUE),"",VLOOKUP($B13,DC_TypeTbl,2,FALSE)) -> 1.25 | X13: =IF(OR($C13="",$U13<>TRUE),"",VLOOKUP($B13,DC_TypeTbl,3,FALSE)) -> 1.5 | Y13: =IF(OR($C13="",$U13<>TRUE),"",VLOOKUP($B13,DC_TypeTbl,4,FALSE)) -> 0.01 | Z13: =IF(OR($C13="",$U13<>TRUE),"",MATCH($E13,DC_Method,0)) -> 1 | AA13: =IF(OR($C13="",$U13<>TRUE),"",IF($J13="",Fac_DCDerate,$J13)) -> 1 | AB13: =IF(OR($C13="",$U13<>TRUE),"",$C13*$V13*$W13) -> 20 | AC13: =IF(OR($C13="",$U13<>TRUE),"",$C13*$V13) -> 16 | AD13: =IF(OR($C13="",$U13<>TRUE),"",$C13*$V13*$X13) -> 24 | AE13: =IF(OR($C13="",$U13<>TRUE),"",_xlfn.MINIFS(DC_Prot,DC_Prot,">"&$AB13,DC_Prot,">="&$AD13)) -> 25 | AF13: =IF(OR($C13="",$U13<>TRUE),"",$AE13/$AA13) -> 25 | AG13: =IF(OR($C13="",$U13<>TRUE),"",1+Fac_CuAlpha*(Fac_DCTemp-20)) -> 1.2751 | AH13: =IF(OR($C13="",$U13<>TRUE),"",$Y13*$K13*1000/(2*$F13*$AC13*$AG13)) -> 2.2057094 | AI13: =IF(OR($C13="",$U13<>TRUE),"",MIN($AN13,MAX(1,INT($AF13/_xlfn.MAXIFS(INDEX(DC_CCC,0,$Z13),DC_Size,"<="&$AM13))+1,ROUNDUP(_xlfn.MINIFS(DC_R,DC_Size,"<="&$AM13)/$AH13,0)))) -> 1 | AJ13: =IF(OR($C13="",$U13<>TRUE),"",_xlfn.MINIFS(DC_Size,INDEX(DC_CCC,0,$Z13),">"&$AF13/$AI13,DC_Size,"<="&$AM13)) -> 1.5 | AK13: =IF(OR($C13="",$U13<>TRUE),"",_xlfn.MINIFS(DC_Size,DC_R,"<="&$AH13*$AI13,DC_Size,"<="&$AM13)) -> 10 | AL13: =IF(OR($C13="",$U13<>TRUE),"",IF(OR($AE13=0,$AJ13=0),NA(),MAX($AJ13,IF($AK13=0,$AM13,$AK13)))) -> 10 | AM13: =IF(OR($C13="",$U13<>TRUE),"",VLOOKUP($B13,DC_TypeTbl,6,FALSE)) -> 10 | AN13: =IF(OR($C13="",$U13<>TRUE),"",VLOOKUP($B13,DC_TypeTbl,7,FALSE)) -> 1
A14: 3 | K14: =IF($C14="","",IF(AND(ISNUMBER($G14),ISNUMBER($H14)),$G14*$H14,$I14)) | L14: =IF($C14="","",IF(NOT($U14),"",$AB14)) | M14: =IF($C14="","",IF(NOT($U14),"",IF(ISNUMBER($AL14),$AI14,""))) | N14: =IF($C14="","",IF(NOT($U14),"Check inputs",IFERROR($AL14,"Exceeds range"))) | O14: {=IF(OR($C14="",NOT(ISNUMBER($AL14))),"",INDEX(DC_CCC,MATCH($AL14,DC_Size,0),$Z14)*$AA14*$AI14)} | P14: =IF(OR($C14="",NOT(ISNUMBER($AL14))),"",2*$F14*($AC14/$AI14)*INDEX(DC_R,MATCH($AL14,DC_Size,0))*$AG14/1000) | Q14: =IF($P14="","",$P14/$K14) | R14: =IF($C14="","",IF(NOT($U14),"",IF($AE14=0,"Exceeds range",$AE14))) | S14: {=IF($C14="","",_xlfn.IFS(NOT($U14),"FAIL – check inputs",$K14>Fac_DCMaxV,"FAIL – voltage > max DC",NOT(ISNUMBER($AL14)),"FAIL – exceeds range",$Q14>$Y14,"FAIL – volt drop",$R14<=$L14,"FAIL – protection not > Ib",$O14<=$R14,"FAIL – CCC not > protection",TRUE,"OK"))} | U14: =IF($C14="","",AND(ISNUMBER(MATCH($B14,DC_Types,0)),ISNUMBER($C14),$C14>0,OR($D14="",AND(ISNUMBER($D14),$D14>=1,INT($D14)=$D14)),ISNUMBER(MATCH($E14,DC_Method,0)),ISNUMBER($F14),$F14>0,OR($G14="",AND(ISNUMBER($G14),$G14>=1,INT($G14)=$G14)),OR($H14="",AND(ISNUMBER($H14),$H14>0)),ISNUMBER($K14),$K14>0,OR($J14="",AND(ISNUMBER($J14),$J14>0,$J14<=1.5)))) | V14: =IF(OR($C14="",$U14<>TRUE),"",IF($D14="",1,$D14)) | W14: =IF(OR($C14="",$U14<>TRUE),"",VLOOKUP($B14,DC_TypeTbl,2,FALSE)) | X14: =IF(OR($C14="",$U14<>TRUE),"",VLOOKUP($B14,DC_TypeTbl,3,FALSE)) | Y14: =IF(OR($C14="",$U14<>TRUE),"",VLOOKUP($B14,DC_TypeTbl,4,FALSE)) | Z14: =IF(OR($C14="",$U14<>TRUE),"",MATCH($E14,DC_Method,0)) | AA14: =IF(OR($C14="",$U14<>TRUE),"",IF($J14="",Fac_DCDerate,$J14)) | AB14: =IF(OR($C14="",$U14<>TRUE),"",$C14*$V14*$W14) | AC14: =IF(OR($C14="",$U14<>TRUE),"",$C14*$V14) | AD14: =IF(OR($C14="",$U14<>TRUE),"",$C14*$V14*$X14) | AE14: =IF(OR($C14="",$U14<>TRUE),"",_xlfn.MINIFS(DC_Prot,DC_Prot,">"&$AB14,DC_Prot,">="&$AD14)) | AF14: =IF(OR($C14="",$U14<>TRUE),"",$AE14/$AA14) | AG14: =IF(OR($C14="",$U14<>TRUE),"",1+Fac_CuAlpha*(Fac_DCTemp-20)) | AH14: =IF(OR($C14="",$U14<>TRUE),"",$Y14*$K14*1000/(2*$F14*$AC14*$AG14)) | AI14: =IF(OR($C14="",$U14<>TRUE),"",MIN($AN14,MAX(1,INT($AF14/_xlfn.MAXIFS(INDEX(DC_CCC,0,$Z14),DC_Size,"<="&$AM14))+1,ROUNDUP(_xlfn.MINIFS(DC_R,DC_Size,"<="&$AM14)/$AH14,0)))) | AJ14: =IF(OR($C14="",$U14<>TRUE),"",_xlfn.MINIFS(DC_Size,INDEX(DC_CCC,0,$Z14),">"&$AF14/$AI14,DC_Size,"<="&$AM14)) | AK14: =IF(OR($C14="",$U14<>TRUE),"",_xlfn.MINIFS(DC_Size,DC_R,"<="&$AH14*$AI14,DC_Size,"<="&$AM14)) | AL14: =IF(OR($C14="",$U14<>TRUE),"",IF(OR($AE14=0,$AJ14=0),NA(),MAX($AJ14,IF($AK14=0,$AM14,$AK14)))) | AM14: =IF(OR($C14="",$U14<>TRUE),"",VLOOKUP($B14,DC_TypeTbl,6,FALSE)) | AN14: =IF(OR($C14="",$U14<>TRUE),"",VLOOKUP($B14,DC_TypeTbl,7,FALSE))
A15: 4 | K15: =IF($C15="","",IF(AND(ISNUMBER($G15),ISNUMBER($H15)),$G15*$H15,$I15)) | L15: =IF($C15="","",IF(NOT($U15),"",$AB15)) | M15: =IF($C15="","",IF(NOT($U15),"",IF(ISNUMBER($AL15),$AI15,""))) | N15: =IF($C15="","",IF(NOT($U15),"Check inputs",IFERROR($AL15,"Exceeds range"))) | O15: {=IF(OR($C15="",NOT(ISNUMBER($AL15))),"",INDEX(DC_CCC,MATCH($AL15,DC_Size,0),$Z15)*$AA15*$AI15)} | P15: =IF(OR($C15="",NOT(ISNUMBER($AL15))),"",2*$F15*($AC15/$AI15)*INDEX(DC_R,MATCH($AL15,DC_Size,0))*$AG15/1000) | Q15: =IF($P15="","",$P15/$K15) | R15: =IF($C15="","",IF(NOT($U15),"",IF($AE15=0,"Exceeds range",$AE15))) | S15: {=IF($C15="","",_xlfn.IFS(NOT($U15),"FAIL – check inputs",$K15>Fac_DCMaxV,"FAIL – voltage > max DC",NOT(ISNUMBER($AL15)),"FAIL – exceeds range",$Q15>$Y15,"FAIL – volt drop",$R15<=$L15,"FAIL – protection not > Ib",$O15<=$R15,"FAIL – CCC not > protection",TRUE,"OK"))} | U15: =IF($C15="","",AND(ISNUMBER(MATCH($B15,DC_Types,0)),ISNUMBER($C15),$C15>0,OR($D15="",AND(ISNUMBER($D15),$D15>=1,INT($D15)=$D15)),ISNUMBER(MATCH($E15,DC_Method,0)),ISNUMBER($F15),$F15>0,OR($G15="",AND(ISNUMBER($G15),$G15>=1,INT($G15)=$G15)),OR($H15="",AND(ISNUMBER($H15),$H15>0)),ISNUMBER($K15),$K15>0,OR($J15="",AND(ISNUMBER($J15),$J15>0,$J15<=1.5)))) | V15: =IF(OR($C15="",$U15<>TRUE),"",IF($D15="",1,$D15)) | W15: =IF(OR($C15="",$U15<>TRUE),"",VLOOKUP($B15,DC_TypeTbl,2,FALSE)) | X15: =IF(OR($C15="",$U15<>TRUE),"",VLOOKUP($B15,DC_TypeTbl,3,FALSE)) | Y15: =IF(OR($C15="",$U15<>TRUE),"",VLOOKUP($B15,DC_TypeTbl,4,FALSE)) | Z15: =IF(OR($C15="",$U15<>TRUE),"",MATCH($E15,DC_Method,0)) | AA15: =IF(OR($C15="",$U15<>TRUE),"",IF($J15="",Fac_DCDerate,$J15)) | AB15: =IF(OR($C15="",$U15<>TRUE),"",$C15*$V15*$W15) | AC15: =IF(OR($C15="",$U15<>TRUE),"",$C15*$V15) | AD15: =IF(OR($C15="",$U15<>TRUE),"",$C15*$V15*$X15) | AE15: =IF(OR($C15="",$U15<>TRUE),"",_xlfn.MINIFS(DC_Prot,DC_Prot,">"&$AB15,DC_Prot,">="&$AD15)) | AF15: =IF(OR($C15="",$U15<>TRUE),"",$AE15/$AA15) | AG15: =IF(OR($C15="",$U15<>TRUE),"",1+Fac_CuAlpha*(Fac_DCTemp-20)) | AH15: =IF(OR($C15="",$U15<>TRUE),"",$Y15*$K15*1000/(2*$F15*$AC15*$AG15)) | AI15: =IF(OR($C15="",$U15<>TRUE),"",MIN($AN15,MAX(1,INT($AF15/_xlfn.MAXIFS(INDEX(DC_CCC,0,$Z15),DC_Size,"<="&$AM15))+1,ROUNDUP(_xlfn.MINIFS(DC_R,DC_Size,"<="&$AM15)/$AH15,0)))) | AJ15: =IF(OR($C15="",$U15<>TRUE),"",_xlfn.MINIFS(DC_Size,INDEX(DC_CCC,0,$Z15),">"&$AF15/$AI15,DC_Size,"<="&$AM15)) | AK15: =IF(OR($C15="",$U15<>TRUE),"",_xlfn.MINIFS(DC_Size,DC_R,"<="&$AH15*$AI15,DC_Size,"<="&$AM15)) | AL15: =IF(OR($C15="",$U15<>TRUE),"",IF(OR($AE15=0,$AJ15=0),NA(),MAX($AJ15,IF($AK15=0,$AM15,$AK15)))) | AM15: =IF(OR($C15="",$U15<>TRUE),"",VLOOKUP($B15,DC_TypeTbl,6,FALSE)) | AN15: =IF(OR($C15="",$U15<>TRUE),"",VLOOKUP($B15,DC_TypeTbl,7,FALSE))
A16: 5 | K16: =IF($C16="","",IF(AND(ISNUMBER($G16),ISNUMBER($H16)),$G16*$H16,$I16)) | L16: =IF($C16="","",IF(NOT($U16),"",$AB16)) | M16: =IF($C16="","",IF(NOT($U16),"",IF(ISNUMBER($AL16),$AI16,""))) | N16: =IF($C16="","",IF(NOT($U16),"Check inputs",IFERROR($AL16,"Exceeds range"))) | O16: {=IF(OR($C16="",NOT(ISNUMBER($AL16))),"",INDEX(DC_CCC,MATCH($AL16,DC_Size,0),$Z16)*$AA16*$AI16)} | P16: =IF(OR($C16="",NOT(ISNUMBER($AL16))),"",2*$F16*($AC16/$AI16)*INDEX(DC_R,MATCH($AL16,DC_Size,0))*$AG16/1000) | Q16: =IF($P16="","",$P16/$K16) | R16: =IF($C16="","",IF(NOT($U16),"",IF($AE16=0,"Exceeds range",$AE16))) | S16: {=IF($C16="","",_xlfn.IFS(NOT($U16),"FAIL – check inputs",$K16>Fac_DCMaxV,"FAIL – voltage > max DC",NOT(ISNUMBER($AL16)),"FAIL – exceeds range",$Q16>$Y16,"FAIL – volt drop",$R16<=$L16,"FAIL – protection not > Ib",$O16<=$R16,"FAIL – CCC not > protection",TRUE,"OK"))} | U16: =IF($C16="","",AND(ISNUMBER(MATCH($B16,DC_Types,0)),ISNUMBER($C16),$C16>0,OR($D16="",AND(ISNUMBER($D16),$D16>=1,INT($D16)=$D16)),ISNUMBER(MATCH($E16,DC_Method,0)),ISNUMBER($F16),$F16>0,OR($G16="",AND(ISNUMBER($G16),$G16>=1,INT($G16)=$G16)),OR($H16="",AND(ISNUMBER($H16),$H16>0)),ISNUMBER($K16),$K16>0,OR($J16="",AND(ISNUMBER($J16),$J16>0,$J16<=1.5)))) | V16: =IF(OR($C16="",$U16<>TRUE),"",IF($D16="",1,$D16)) | W16: =IF(OR($C16="",$U16<>TRUE),"",VLOOKUP($B16,DC_TypeTbl,2,FALSE)) | X16: =IF(OR($C16="",$U16<>TRUE),"",VLOOKUP($B16,DC_TypeTbl,3,FALSE)) | Y16: =IF(OR($C16="",$U16<>TRUE),"",VLOOKUP($B16,DC_TypeTbl,4,FALSE)) | Z16: =IF(OR($C16="",$U16<>TRUE),"",MATCH($E16,DC_Method,0)) | AA16: =IF(OR($C16="",$U16<>TRUE),"",IF($J16="",Fac_DCDerate,$J16)) | AB16: =IF(OR($C16="",$U16<>TRUE),"",$C16*$V16*$W16) | AC16: =IF(OR($C16="",$U16<>TRUE),"",$C16*$V16) | AD16: =IF(OR($C16="",$U16<>TRUE),"",$C16*$V16*$X16) | AE16: =IF(OR($C16="",$U16<>TRUE),"",_xlfn.MINIFS(DC_Prot,DC_Prot,">"&$AB16,DC_Prot,">="&$AD16)) | AF16: =IF(OR($C16="",$U16<>TRUE),"",$AE16/$AA16) | AG16: =IF(OR($C16="",$U16<>TRUE),"",1+Fac_CuAlpha*(Fac_DCTemp-20)) | AH16: =IF(OR($C16="",$U16<>TRUE),"",$Y16*$K16*1000/(2*$F16*$AC16*$AG16)) | AI16: =IF(OR($C16="",$U16<>TRUE),"",MIN($AN16,MAX(1,INT($AF16/_xlfn.MAXIFS(INDEX(DC_CCC,0,$Z16),DC_Size,"<="&$AM16))+1,ROUNDUP(_xlfn.MINIFS(DC_R,DC_Size,"<="&$AM16)/$AH16,0)))) | AJ16: =IF(OR($C16="",$U16<>TRUE),"",_xlfn.MINIFS(DC_Size,INDEX(DC_CCC,0,$Z16),">"&$AF16/$AI16,DC_Size,"<="&$AM16)) | AK16: =IF(OR($C16="",$U16<>TRUE),"",_xlfn.MINIFS(DC_Size,DC_R,"<="&$AH16*$AI16,DC_Size,"<="&$AM16)) | AL16: =IF(OR($C16="",$U16<>TRUE),"",IF(OR($AE16=0,$AJ16=0),NA(),MAX($AJ16,IF($AK16=0,$AM16,$AK16)))) | AM16: =IF(OR($C16="",$U16<>TRUE),"",VLOOKUP($B16,DC_TypeTbl,6,FALSE)) | AN16: =IF(OR($C16="",$U16<>TRUE),"",VLOOKUP($B16,DC_TypeTbl,7,FALSE))
A17: 6 | K17: =IF($C17="","",IF(AND(ISNUMBER($G17),ISNUMBER($H17)),$G17*$H17,$I17)) | L17: =IF($C17="","",IF(NOT($U17),"",$AB17)) | M17: =IF($C17="","",IF(NOT($U17),"",IF(ISNUMBER($AL17),$AI17,""))) | N17: =IF($C17="","",IF(NOT($U17),"Check inputs",IFERROR($AL17,"Exceeds range"))) | O17: {=IF(OR($C17="",NOT(ISNUMBER($AL17))),"",INDEX(DC_CCC,MATCH($AL17,DC_Size,0),$Z17)*$AA17*$AI17)} | P17: =IF(OR($C17="",NOT(ISNUMBER($AL17))),"",2*$F17*($AC17/$AI17)*INDEX(DC_R,MATCH($AL17,DC_Size,0))*$AG17/1000) | Q17: =IF($P17="","",$P17/$K17) | R17: =IF($C17="","",IF(NOT($U17),"",IF($AE17=0,"Exceeds range",$AE17))) | S17: {=IF($C17="","",_xlfn.IFS(NOT($U17),"FAIL – check inputs",$K17>Fac_DCMaxV,"FAIL – voltage > max DC",NOT(ISNUMBER($AL17)),"FAIL – exceeds range",$Q17>$Y17,"FAIL – volt drop",$R17<=$L17,"FAIL – protection not > Ib",$O17<=$R17,"FAIL – CCC not > protection",TRUE,"OK"))} | U17: =IF($C17="","",AND(ISNUMBER(MATCH($B17,DC_Types,0)),ISNUMBER($C17),$C17>0,OR($D17="",AND(ISNUMBER($D17),$D17>=1,INT($D17)=$D17)),ISNUMBER(MATCH($E17,DC_Method,0)),ISNUMBER($F17),$F17>0,OR($G17="",AND(ISNUMBER($G17),$G17>=1,INT($G17)=$G17)),OR($H17="",AND(ISNUMBER($H17),$H17>0)),ISNUMBER($K17),$K17>0,OR($J17="",AND(ISNUMBER($J17),$J17>0,$J17<=1.5)))) | V17: =IF(OR($C17="",$U17<>TRUE),"",IF($D17="",1,$D17)) | W17: =IF(OR($C17="",$U17<>TRUE),"",VLOOKUP($B17,DC_TypeTbl,2,FALSE)) | X17: =IF(OR($C17="",$U17<>TRUE),"",VLOOKUP($B17,DC_TypeTbl,3,FALSE)) | Y17: =IF(OR($C17="",$U17<>TRUE),"",VLOOKUP($B17,DC_TypeTbl,4,FALSE)) | Z17: =IF(OR($C17="",$U17<>TRUE),"",MATCH($E17,DC_Method,0)) | AA17: =IF(OR($C17="",$U17<>TRUE),"",IF($J17="",Fac_DCDerate,$J17)) | AB17: =IF(OR($C17="",$U17<>TRUE),"",$C17*$V17*$W17) | AC17: =IF(OR($C17="",$U17<>TRUE),"",$C17*$V17) | AD17: =IF(OR($C17="",$U17<>TRUE),"",$C17*$V17*$X17) | AE17: =IF(OR($C17="",$U17<>TRUE),"",_xlfn.MINIFS(DC_Prot,DC_Prot,">"&$AB17,DC_Prot,">="&$AD17)) | AF17: =IF(OR($C17="",$U17<>TRUE),"",$AE17/$AA17) | AG17: =IF(OR($C17="",$U17<>TRUE),"",1+Fac_CuAlpha*(Fac_DCTemp-20)) | AH17: =IF(OR($C17="",$U17<>TRUE),"",$Y17*$K17*1000/(2*$F17*$AC17*$AG17)) | AI17: =IF(OR($C17="",$U17<>TRUE),"",MIN($AN17,MAX(1,INT($AF17/_xlfn.MAXIFS(INDEX(DC_CCC,0,$Z17),DC_Size,"<="&$AM17))+1,ROUNDUP(_xlfn.MINIFS(DC_R,DC_Size,"<="&$AM17)/$AH17,0)))) | AJ17: =IF(OR($C17="",$U17<>TRUE),"",_xlfn.MINIFS(DC_Size,INDEX(DC_CCC,0,$Z17),">"&$AF17/$AI17,DC_Size,"<="&$AM17)) | AK17: =IF(OR($C17="",$U17<>TRUE),"",_xlfn.MINIFS(DC_Size,DC_R,"<="&$AH17*$AI17,DC_Size,"<="&$AM17)) | AL17: =IF(OR($C17="",$U17<>TRUE),"",IF(OR($AE17=0,$AJ17=0),NA(),MAX($AJ17,IF($AK17=0,$AM17,$AK17)))) | AM17: =IF(OR($C17="",$U17<>TRUE),"",VLOOKUP($B17,DC_TypeTbl,6,FALSE)) | AN17: =IF(OR($C17="",$U17<>TRUE),"",VLOOKUP($B17,DC_TypeTbl,7,FALSE))
A18: 7 | K18: =IF($C18="","",IF(AND(ISNUMBER($G18),ISNUMBER($H18)),$G18*$H18,$I18)) | L18: =IF($C18="","",IF(NOT($U18),"",$AB18)) | M18: =IF($C18="","",IF(NOT($U18),"",IF(ISNUMBER($AL18),$AI18,""))) | N18: =IF($C18="","",IF(NOT($U18),"Check inputs",IFERROR($AL18,"Exceeds range"))) | O18: {=IF(OR($C18="",NOT(ISNUMBER($AL18))),"",INDEX(DC_CCC,MATCH($AL18,DC_Size,0),$Z18)*$AA18*$AI18)} | P18: =IF(OR($C18="",NOT(ISNUMBER($AL18))),"",2*$F18*($AC18/$AI18)*INDEX(DC_R,MATCH($AL18,DC_Size,0))*$AG18/1000) | Q18: =IF($P18="","",$P18/$K18) | R18: =IF($C18="","",IF(NOT($U18),"",IF($AE18=0,"Exceeds range",$AE18))) | S18: {=IF($C18="","",_xlfn.IFS(NOT($U18),"FAIL – check inputs",$K18>Fac_DCMaxV,"FAIL – voltage > max DC",NOT(ISNUMBER($AL18)),"FAIL – exceeds range",$Q18>$Y18,"FAIL – volt drop",$R18<=$L18,"FAIL – protection not > Ib",$O18<=$R18,"FAIL – CCC not > protection",TRUE,"OK"))} | U18: =IF($C18="","",AND(ISNUMBER(MATCH($B18,DC_Types,0)),ISNUMBER($C18),$C18>0,OR($D18="",AND(ISNUMBER($D18),$D18>=1,INT($D18)=$D18)),ISNUMBER(MATCH($E18,DC_Method,0)),ISNUMBER($F18),$F18>0,OR($G18="",AND(ISNUMBER($G18),$G18>=1,INT($G18)=$G18)),OR($H18="",AND(ISNUMBER($H18),$H18>0)),ISNUMBER($K18),$K18>0,OR($J18="",AND(ISNUMBER($J18),$J18>0,$J18<=1.5)))) | V18: =IF(OR($C18="",$U18<>TRUE),"",IF($D18="",1,$D18)) | W18: =IF(OR($C18="",$U18<>TRUE),"",VLOOKUP($B18,DC_TypeTbl,2,FALSE)) | X18: =IF(OR($C18="",$U18<>TRUE),"",VLOOKUP($B18,DC_TypeTbl,3,FALSE)) | Y18: =IF(OR($C18="",$U18<>TRUE),"",VLOOKUP($B18,DC_TypeTbl,4,FALSE)) | Z18: =IF(OR($C18="",$U18<>TRUE),"",MATCH($E18,DC_Method,0)) | AA18: =IF(OR($C18="",$U18<>TRUE),"",IF($J18="",Fac_DCDerate,$J18)) | AB18: =IF(OR($C18="",$U18<>TRUE),"",$C18*$V18*$W18) | AC18: =IF(OR($C18="",$U18<>TRUE),"",$C18*$V18) | AD18: =IF(OR($C18="",$U18<>TRUE),"",$C18*$V18*$X18) | AE18: =IF(OR($C18="",$U18<>TRUE),"",_xlfn.MINIFS(DC_Prot,DC_Prot,">"&$AB18,DC_Prot,">="&$AD18)) | AF18: =IF(OR($C18="",$U18<>TRUE),"",$AE18/$AA18) | AG18: =IF(OR($C18="",$U18<>TRUE),"",1+Fac_CuAlpha*(Fac_DCTemp-20)) | AH18: =IF(OR($C18="",$U18<>TRUE),"",$Y18*$K18*1000/(2*$F18*$AC18*$AG18)) | AI18: =IF(OR($C18="",$U18<>TRUE),"",MIN($AN18,MAX(1,INT($AF18/_xlfn.MAXIFS(INDEX(DC_CCC,0,$Z18),DC_Size,"<="&$AM18))+1,ROUNDUP(_xlfn.MINIFS(DC_R,DC_Size,"<="&$AM18)/$AH18,0)))) | AJ18: =IF(OR($C18="",$U18<>TRUE),"",_xlfn.MINIFS(DC_Size,INDEX(DC_CCC,0,$Z18),">"&$AF18/$AI18,DC_Size,"<="&$AM18)) | AK18: =IF(OR($C18="",$U18<>TRUE),"",_xlfn.MINIFS(DC_Size,DC_R,"<="&$AH18*$AI18,DC_Size,"<="&$AM18)) | AL18: =IF(OR($C18="",$U18<>TRUE),"",IF(OR($AE18=0,$AJ18=0),NA(),MAX($AJ18,IF($AK18=0,$AM18,$AK18)))) | AM18: =IF(OR($C18="",$U18<>TRUE),"",VLOOKUP($B18,DC_TypeTbl,6,FALSE)) | AN18: =IF(OR($C18="",$U18<>TRUE),"",VLOOKUP($B18,DC_TypeTbl,7,FALSE))
A19: 8 | K19: =IF($C19="","",IF(AND(ISNUMBER($G19),ISNUMBER($H19)),$G19*$H19,$I19)) | L19: =IF($C19="","",IF(NOT($U19),"",$AB19)) | M19: =IF($C19="","",IF(NOT($U19),"",IF(ISNUMBER($AL19),$AI19,""))) | N19: =IF($C19="","",IF(NOT($U19),"Check inputs",IFERROR($AL19,"Exceeds range"))) | O19: {=IF(OR($C19="",NOT(ISNUMBER($AL19))),"",INDEX(DC_CCC,MATCH($AL19,DC_Size,0),$Z19)*$AA19*$AI19)} | P19: =IF(OR($C19="",NOT(ISNUMBER($AL19))),"",2*$F19*($AC19/$AI19)*INDEX(DC_R,MATCH($AL19,DC_Size,0))*$AG19/1000) | Q19: =IF($P19="","",$P19/$K19) | R19: =IF($C19="","",IF(NOT($U19),"",IF($AE19=0,"Exceeds range",$AE19))) | S19: {=IF($C19="","",_xlfn.IFS(NOT($U19),"FAIL – check inputs",$K19>Fac_DCMaxV,"FAIL – voltage > max DC",NOT(ISNUMBER($AL19)),"FAIL – exceeds range",$Q19>$Y19,"FAIL – volt drop",$R19<=$L19,"FAIL – protection not > Ib",$O19<=$R19,"FAIL – CCC not > protection",TRUE,"OK"))} | U19: =IF($C19="","",AND(ISNUMBER(MATCH($B19,DC_Types,0)),ISNUMBER($C19),$C19>0,OR($D19="",AND(ISNUMBER($D19),$D19>=1,INT($D19)=$D19)),ISNUMBER(MATCH($E19,DC_Method,0)),ISNUMBER($F19),$F19>0,OR($G19="",AND(ISNUMBER($G19),$G19>=1,INT($G19)=$G19)),OR($H19="",AND(ISNUMBER($H19),$H19>0)),ISNUMBER($K19),$K19>0,OR($J19="",AND(ISNUMBER($J19),$J19>0,$J19<=1.5)))) | V19: =IF(OR($C19="",$U19<>TRUE),"",IF($D19="",1,$D19)) | W19: =IF(OR($C19="",$U19<>TRUE),"",VLOOKUP($B19,DC_TypeTbl,2,FALSE)) | X19: =IF(OR($C19="",$U19<>TRUE),"",VLOOKUP($B19,DC_TypeTbl,3,FALSE)) | Y19: =IF(OR($C19="",$U19<>TRUE),"",VLOOKUP($B19,DC_TypeTbl,4,FALSE)) | Z19: =IF(OR($C19="",$U19<>TRUE),"",MATCH($E19,DC_Method,0)) | AA19: =IF(OR($C19="",$U19<>TRUE),"",IF($J19="",Fac_DCDerate,$J19)) | AB19: =IF(OR($C19="",$U19<>TRUE),"",$C19*$V19*$W19) | AC19: =IF(OR($C19="",$U19<>TRUE),"",$C19*$V19) | AD19: =IF(OR($C19="",$U19<>TRUE),"",$C19*$V19*$X19) | AE19: =IF(OR($C19="",$U19<>TRUE),"",_xlfn.MINIFS(DC_Prot,DC_Prot,">"&$AB19,DC_Prot,">="&$AD19)) | AF19: =IF(OR($C19="",$U19<>TRUE),"",$AE19/$AA19) | AG19: =IF(OR($C19="",$U19<>TRUE),"",1+Fac_CuAlpha*(Fac_DCTemp-20)) | AH19: =IF(OR($C19="",$U19<>TRUE),"",$Y19*$K19*1000/(2*$F19*$AC19*$AG19)) | AI19: =IF(OR($C19="",$U19<>TRUE),"",MIN($AN19,MAX(1,INT($AF19/_xlfn.MAXIFS(INDEX(DC_CCC,0,$Z19),DC_Size,"<="&$AM19))+1,ROUNDUP(_xlfn.MINIFS(DC_R,DC_Size,"<="&$AM19)/$AH19,0)))) | AJ19: =IF(OR($C19="",$U19<>TRUE),"",_xlfn.MINIFS(DC_Size,INDEX(DC_CCC,0,$Z19),">"&$AF19/$AI19,DC_Size,"<="&$AM19)) | AK19: =IF(OR($C19="",$U19<>TRUE),"",_xlfn.MINIFS(DC_Size,DC_R,"<="&$AH19*$AI19,DC_Size,"<="&$AM19)) | AL19: =IF(OR($C19="",$U19<>TRUE),"",IF(OR($AE19=0,$AJ19=0),NA(),MAX($AJ19,IF($AK19=0,$AM19,$AK19)))) | AM19: =IF(OR($C19="",$U19<>TRUE),"",VLOOKUP($B19,DC_TypeTbl,6,FALSE)) | AN19: =IF(OR($C19="",$U19<>TRUE),"",VLOOKUP($B19,DC_TypeTbl,7,FALSE))
A20: 9 | K20: =IF($C20="","",IF(AND(ISNUMBER($G20),ISNUMBER($H20)),$G20*$H20,$I20)) | L20: =IF($C20="","",IF(NOT($U20),"",$AB20)) | M20: =IF($C20="","",IF(NOT($U20),"",IF(ISNUMBER($AL20),$AI20,""))) | N20: =IF($C20="","",IF(NOT($U20),"Check inputs",IFERROR($AL20,"Exceeds range"))) | O20: {=IF(OR($C20="",NOT(ISNUMBER($AL20))),"",INDEX(DC_CCC,MATCH($AL20,DC_Size,0),$Z20)*$AA20*$AI20)} | P20: =IF(OR($C20="",NOT(ISNUMBER($AL20))),"",2*$F20*($AC20/$AI20)*INDEX(DC_R,MATCH($AL20,DC_Size,0))*$AG20/1000) | Q20: =IF($P20="","",$P20/$K20) | R20: =IF($C20="","",IF(NOT($U20),"",IF($AE20=0,"Exceeds range",$AE20))) | S20: {=IF($C20="","",_xlfn.IFS(NOT($U20),"FAIL – check inputs",$K20>Fac_DCMaxV,"FAIL – voltage > max DC",NOT(ISNUMBER($AL20)),"FAIL – exceeds range",$Q20>$Y20,"FAIL – volt drop",$R20<=$L20,"FAIL – protection not > Ib",$O20<=$R20,"FAIL – CCC not > protection",TRUE,"OK"))} | U20: =IF($C20="","",AND(ISNUMBER(MATCH($B20,DC_Types,0)),ISNUMBER($C20),$C20>0,OR($D20="",AND(ISNUMBER($D20),$D20>=1,INT($D20)=$D20)),ISNUMBER(MATCH($E20,DC_Method,0)),ISNUMBER($F20),$F20>0,OR($G20="",AND(ISNUMBER($G20),$G20>=1,INT($G20)=$G20)),OR($H20="",AND(ISNUMBER($H20),$H20>0)),ISNUMBER($K20),$K20>0,OR($J20="",AND(ISNUMBER($J20),$J20>0,$J20<=1.5)))) | V20: =IF(OR($C20="",$U20<>TRUE),"",IF($D20="",1,$D20)) | W20: =IF(OR($C20="",$U20<>TRUE),"",VLOOKUP($B20,DC_TypeTbl,2,FALSE)) | X20: =IF(OR($C20="",$U20<>TRUE),"",VLOOKUP($B20,DC_TypeTbl,3,FALSE)) | Y20: =IF(OR($C20="",$U20<>TRUE),"",VLOOKUP($B20,DC_TypeTbl,4,FALSE)) | Z20: =IF(OR($C20="",$U20<>TRUE),"",MATCH($E20,DC_Method,0)) | AA20: =IF(OR($C20="",$U20<>TRUE),"",IF($J20="",Fac_DCDerate,$J20)) | AB20: =IF(OR($C20="",$U20<>TRUE),"",$C20*$V20*$W20) | AC20: =IF(OR($C20="",$U20<>TRUE),"",$C20*$V20) | AD20: =IF(OR($C20="",$U20<>TRUE),"",$C20*$V20*$X20) | AE20: =IF(OR($C20="",$U20<>TRUE),"",_xlfn.MINIFS(DC_Prot,DC_Prot,">"&$AB20,DC_Prot,">="&$AD20)) | AF20: =IF(OR($C20="",$U20<>TRUE),"",$AE20/$AA20) | AG20: =IF(OR($C20="",$U20<>TRUE),"",1+Fac_CuAlpha*(Fac_DCTemp-20)) | AH20: =IF(OR($C20="",$U20<>TRUE),"",$Y20*$K20*1000/(2*$F20*$AC20*$AG20)) | AI20: =IF(OR($C20="",$U20<>TRUE),"",MIN($AN20,MAX(1,INT($AF20/_xlfn.MAXIFS(INDEX(DC_CCC,0,$Z20),DC_Size,"<="&$AM20))+1,ROUNDUP(_xlfn.MINIFS(DC_R,DC_Size,"<="&$AM20)/$AH20,0)))) | AJ20: =IF(OR($C20="",$U20<>TRUE),"",_xlfn.MINIFS(DC_Size,INDEX(DC_CCC,0,$Z20),">"&$AF20/$AI20,DC_Size,"<="&$AM20)) | AK20: =IF(OR($C20="",$U20<>TRUE),"",_xlfn.MINIFS(DC_Size,DC_R,"<="&$AH20*$AI20,DC_Size,"<="&$AM20)) | AL20: =IF(OR($C20="",$U20<>TRUE),"",IF(OR($AE20=0,$AJ20=0),NA(),MAX($AJ20,IF($AK20=0,$AM20,$AK20)))) | AM20: =IF(OR($C20="",$U20<>TRUE),"",VLOOKUP($B20,DC_TypeTbl,6,FALSE)) | AN20: =IF(OR($C20="",$U20<>TRUE),"",VLOOKUP($B20,DC_TypeTbl,7,FALSE))
A21: 10 | K21: =IF($C21="","",IF(AND(ISNUMBER($G21),ISNUMBER($H21)),$G21*$H21,$I21)) | L21: =IF($C21="","",IF(NOT($U21),"",$AB21)) | M21: =IF($C21="","",IF(NOT($U21),"",IF(ISNUMBER($AL21),$AI21,""))) | N21: =IF($C21="","",IF(NOT($U21),"Check inputs",IFERROR($AL21,"Exceeds range"))) | O21: {=IF(OR($C21="",NOT(ISNUMBER($AL21))),"",INDEX(DC_CCC,MATCH($AL21,DC_Size,0),$Z21)*$AA21*$AI21)} | P21: =IF(OR($C21="",NOT(ISNUMBER($AL21))),"",2*$F21*($AC21/$AI21)*INDEX(DC_R,MATCH($AL21,DC_Size,0))*$AG21/1000) | Q21: =IF($P21="","",$P21/$K21) | R21: =IF($C21="","",IF(NOT($U21),"",IF($AE21=0,"Exceeds range",$AE21))) | S21: {=IF($C21="","",_xlfn.IFS(NOT($U21),"FAIL – check inputs",$K21>Fac_DCMaxV,"FAIL – voltage > max DC",NOT(ISNUMBER($AL21)),"FAIL – exceeds range",$Q21>$Y21,"FAIL – volt drop",$R21<=$L21,"FAIL – protection not > Ib",$O21<=$R21,"FAIL – CCC not > protection",TRUE,"OK"))} | U21: =IF($C21="","",AND(ISNUMBER(MATCH($B21,DC_Types,0)),ISNUMBER($C21),$C21>0,OR($D21="",AND(ISNUMBER($D21),$D21>=1,INT($D21)=$D21)),ISNUMBER(MATCH($E21,DC_Method,0)),ISNUMBER($F21),$F21>0,OR($G21="",AND(ISNUMBER($G21),$G21>=1,INT($G21)=$G21)),OR($H21="",AND(ISNUMBER($H21),$H21>0)),ISNUMBER($K21),$K21>0,OR($J21="",AND(ISNUMBER($J21),$J21>0,$J21<=1.5)))) | V21: =IF(OR($C21="",$U21<>TRUE),"",IF($D21="",1,$D21)) | W21: =IF(OR($C21="",$U21<>TRUE),"",VLOOKUP($B21,DC_TypeTbl,2,FALSE)) | X21: =IF(OR($C21="",$U21<>TRUE),"",VLOOKUP($B21,DC_TypeTbl,3,FALSE)) | Y21: =IF(OR($C21="",$U21<>TRUE),"",VLOOKUP($B21,DC_TypeTbl,4,FALSE)) | Z21: =IF(OR($C21="",$U21<>TRUE),"",MATCH($E21,DC_Method,0)) | AA21: =IF(OR($C21="",$U21<>TRUE),"",IF($J21="",Fac_DCDerate,$J21)) | AB21: =IF(OR($C21="",$U21<>TRUE),"",$C21*$V21*$W21) | AC21: =IF(OR($C21="",$U21<>TRUE),"",$C21*$V21) | AD21: =IF(OR($C21="",$U21<>TRUE),"",$C21*$V21*$X21) | AE21: =IF(OR($C21="",$U21<>TRUE),"",_xlfn.MINIFS(DC_Prot,DC_Prot,">"&$AB21,DC_Prot,">="&$AD21)) | AF21: =IF(OR($C21="",$U21<>TRUE),"",$AE21/$AA21) | AG21: =IF(OR($C21="",$U21<>TRUE),"",1+Fac_CuAlpha*(Fac_DCTemp-20)) | AH21: =IF(OR($C21="",$U21<>TRUE),"",$Y21*$K21*1000/(2*$F21*$AC21*$AG21)) | AI21: =IF(OR($C21="",$U21<>TRUE),"",MIN($AN21,MAX(1,INT($AF21/_xlfn.MAXIFS(INDEX(DC_CCC,0,$Z21),DC_Size,"<="&$AM21))+1,ROUNDUP(_xlfn.MINIFS(DC_R,DC_Size,"<="&$AM21)/$AH21,0)))) | AJ21: =IF(OR($C21="",$U21<>TRUE),"",_xlfn.MINIFS(DC_Size,INDEX(DC_CCC,0,$Z21),">"&$AF21/$AI21,DC_Size,"<="&$AM21)) | AK21: =IF(OR($C21="",$U21<>TRUE),"",_xlfn.MINIFS(DC_Size,DC_R,"<="&$AH21*$AI21,DC_Size,"<="&$AM21)) | AL21: =IF(OR($C21="",$U21<>TRUE),"",IF(OR($AE21=0,$AJ21=0),NA(),MAX($AJ21,IF($AK21=0,$AM21,$AK21)))) | AM21: =IF(OR($C21="",$U21<>TRUE),"",VLOOKUP($B21,DC_TypeTbl,6,FALSE)) | AN21: =IF(OR($C21="",$U21<>TRUE),"",VLOOKUP($B21,DC_TypeTbl,7,FALSE))
A23: Notes / Assumptions:
A24: • PV cable ratings: single-core tinned Cu, 120°C conductor at 60°C ambient (EN 50618 Table A.3). VERIFY on 'SANS Data' against manufacturer data and SANS 10142-1-2 / IEC 62548.
A25: • Ib = current input x strings x multiplier (PV: 1.25 x Isc; Battery/General: 1.0). Multipliers, minimum protection and VD limits per circuit type are editable on 'SANS Data'.
A26: • Protection = smallest standard DC rating > Ib and ≥ minimum (PV string ≥ 1.5 x Isc). Check it does not exceed the module's max series fuse rating.
A27: • Recommended size = smallest size whose derated CCC > protection rating AND meets the VD limit, so Ib < In < Iz.
A28: • Volt drop = 2 x one-way length x current x R, with R corrected to the conductor temp on 'SANS Data' (default 90°C). VD current = input x strings (no 1.25 factor). VD % uses Total System Voltage.
A29: • Ratings are for one cable per circuit pole. Use the Derating column for conduit, grouping, buried runs or parallel cables.
A30: • Battery / General DC: parallel cables are used automatically when no single size meets CCC or volt drop (max runs on 'SANS Data').
A31: • Status: FAIL = invalid inputs, out of range, volt drop over limit, protection not > Ib, or CCC not > protection.
A32: • Total System Voltage = Modules per String x Module Vmp when both are entered; otherwise the manual System Voltage. FAIL if above the max DC voltage on 'SANS Data' (check Voc at min. temperature separately).
A33: • PV String / PV Array: single cable only, max 10 mm² (manufacturer limit). If 10 mm² can't meet the VD limit, Status shows FAIL – volt drop (shorten route or re-string). Limits per circuit type are on 'SANS Data'.

Sheet SANS Data
A1: SANS 10142-1 / IEC 60364-5-52 Reference Data
A2: VERIFY all values against your official SANS 10142-1 copy. Every cell is editable; the calculator references these.
A3: Factors / Assumptions
A4: XLPE CCC factor (x PVC 70C) | B4: 1.28
A5: Aluminium CCC factor (x Cu) | B5: 0.78
A6: Aluminium mV.A.m factor (x Cu) | B6: 1.64
A7: Default other derating Ca (ambient/soil/other circuits) if circuit cell blank | B7: 1
A8: Voltage drop limit (%) | B8: 0.03
A9: Max cables in parallel (practical; ≤ 6 = IEC grouping table limit) | B9: 6
A10: Max cable size per run (mm2) | B10: 630
A11: Rubber factor (not used – superseded by 'Cable Data') | B11: 0.87
A12: CCC base table: PVC insulated, Copper, multicore (Amps) - ref method | loaded conductors | W12: Grouping factor Cg for parallel runs / circuits – IEC 60364-5-52 Tables B.52.17 (in air), B.52.18 (direct in ground), B.52.19 (in ducts). Multicore cables. VERIFY against SANS 10142-1.
A13: Size (mm2) | B13: B|2 | C13: B|3 | D13: C|2 | E13: C|3 | F13: E|2 | G13: E|3 | H13: D|2 | I13: D|3 | K13: Size (mm2) | L13: 1ph mV/A/m | M13: 3ph mV/A/m | O13: Std Breaker (A) | P13: Device Type | Q13: Install Method | R13: Ref Method | S13: Grouping Scheme | U13: Loaded | V13: Single-core | W13: Key | X13: Scheme | Y13: Spacing | Z13: 1 | AA13: 2 | AB13: 3 | AC13: 4 | AD13: 5 | AE13: 6 | AG13: Runs x Cg → | AH13: =Z13 -> 1 | AI13: =AA13 -> 2 | AJ13: =AB13 -> 3 | AK13: =AC13 -> 4 | AL13: =AD13 -> 5 | AM13: =AE13 -> 6 | AO13: Spacing options
A14: 1.5 | B14: 16.5 | C14: 15 | D14: 19.5 | E14: 17.5 | F14: 22 | G14: 18.5 | H14: 22 | I14: 18 | K14: 1.5 | L14: 29 | M14: =L14*SQRT(3)/2 -> 25.114737 | O14: 6 | P14: MCB | Q14: Free Air | R14: E | S14: AIR-LADDER | T14: Two | U14: 2 | V14: 0 | W14: =X14&"|"&Y14 -> AIR-BUNCH|Touching | X14: AIR-BUNCH | Y14: Touching | Z14: 1 | AA14: 0.8 | AB14: 0.7 | AC14: 0.65 | AD14: 0.6 | AE14: 0.57 | AH14: =AH$13*Z14 -> 1 | AI14: =AI$13*AA14 -> 1.6 | AJ14: =AJ$13*AB14 -> 2.1 | AK14: =AK$13*AC14 -> 2.6 | AL14: =AL$13*AD14 -> 3 | AM14: =AM$13*AE14 -> 3.42 | AO14: Touching
A15: 2.5 | B15: 23 | C15: 20 | D15: 27 | E15: 24 | F15: 30 | G15: 25 | H15: 29 | I15: 24 | K15: 2.5 | L15: 18 | M15: =L15*SQRT(3)/2 -> 15.588457 | O15: 10 | P15: MCB | Q15: On Tray/Ladder | R15: E | S15: AIR-TRAY | T15: Three | U15: 3 | V15: 0 | W15: =X15&"|"&Y15 -> AIR-WALL|Touching | X15: AIR-WALL | Y15: Touching | Z15: 1 | AA15: 0.85 | AB15: 0.79 | AC15: 0.75 | AD15: 0.73 | AE15: 0.72 | AH15: =AH$13*Z15 -> 1 | AI15: =AI$13*AA15 -> 1.7 | AJ15: =AJ$13*AB15 -> 2.37 | AK15: =AK$13*AC15 -> 3 | AL15: =AL$13*AD15 -> 3.65 | AM15: =AM$13*AE15 -> 4.32 | AO15: 1 cable dia
A16: 4 | B16: 30 | C16: 27 | D16: 36 | E16: 32 | F16: 40 | G16: 34 | H16: 38 | I16: 31 | K16: 4 | L16: 11 | M16: =L16*SQRT(3)/2 -> 9.5262794 | O16: 16 | P16: MCB | Q16: Clipped Direct | R16: C | S16: AIR-WALL | T16: Four | U16: 3 | V16: 0 | W16: =X16&"|"&Y16 -> AIR-WALL|2 cable dia | X16: AIR-WALL | Y16: 2 cable dia | Z16: 1 | AA16: 1 | AB16: 1 | AC16: 1 | AD16: 1 | AE16: 1 | AH16: =AH$13*Z16 -> 1 | AI16: =AI$13*AA16 -> 2 | AJ16: =AJ$13*AB16 -> 3 | AK16: =AK$13*AC16 -> 4 | AL16: =AL$13*AD16 -> 5 | AM16: =AM$13*AE16 -> 6 | AO16: 2 cable dia
A17: 6 | B17: 38 | C17: 34 | D17: 46 | E17: 41 | F17: 51 | G17: 43 | H17: 47 | I17: 39 | K17: 6 | L17: 7.3 | M17: =L17*SQRT(3)/2 -> 6.3219854 | O17: 20 | P17: MCB | Q17: Surface | R17: C | S17: AIR-WALL | T17: Single-core (1ph) | U17: 2 | V17: 1 | W17: =X17&"|"&Y17 -> AIR-TRAY|Touching | X17: AIR-TRAY | Y17: Touching | Z17: 1 | AA17: 0.88 | AB17: 0.82 | AC17: 0.77 | AD17: 0.75 | AE17: 0.73 | AH17: =AH$13*Z17 -> 1 | AI17: =AI$13*AA17 -> 1.76 | AJ17: =AJ$13*AB17 -> 2.46 | AK17: =AK$13*AC17 -> 3.08 | AL17: =AL$13*AD17 -> 3.75 | AM17: =AM$13*AE17 -> 4.38 | AO17: 0.125 m
A18: 10 | B18: 52 | C18: 46 | D18: 63 | E18: 57 | F18: 70 | G18: 60 | H18: 63 | I18: 52 | K18: 10 | L18: 4.4 | M18: =L18*SQRT(3)/2 -> 3.8105118 | O18: 25 | P18: MCB | Q18: In Conduit | R18: B | S18: AIR-BUNCH | T18: Single-core (3ph trefoil) | U18: 3 | V18: 1 | W18: =X18&"|"&Y18 -> AIR-TRAY|2 cable dia | X18: AIR-TRAY | Y18: 2 cable dia | Z18: 1 | AA18: 1 | AB18: 1 | AC18: 1 | AD18: 1 | AE18: 1 | AH18: =AH$13*Z18 -> 1 | AI18: =AI$13*AA18 -> 2 | AJ18: =AJ$13*AB18 -> 3 | AK18: =AK$13*AC18 -> 4 | AL18: =AL$13*AD18 -> 5 | AM18: =AM$13*AE18 -> 6 | AO18: 0.25 m
A19: 16 | B19: 69 | C19: 62 | D19: 85 | E19: 76 | F19: 94 | G19: 80 | H19: 81 | I19: 67 | K19: 16 | L19: 2.8 | M19: =L19*SQRT(3)/2 -> 2.4248711 | O19: 32 | P19: MCB | Q19: In Trunking | R19: B | S19: AIR-BUNCH | W19: =X19&"|"&Y19 -> AIR-LADDER|Touching | X19: AIR-LADDER | Y19: Touching | Z19: 1 | AA19: 0.87 | AB19: 0.82 | AC19: 0.8 | AD19: 0.8 | AE19: 0.79 | AH19: =AH$13*Z19 -> 1 | AI19: =AI$13*AA19 -> 1.74 | AJ19: =AJ$13*AB19 -> 2.46 | AK19: =AK$13*AC19 -> 3.2 | AL19: =AL$13*AD19 -> 4 | AM19: =AM$13*AE19 -> 4.74 | AO19: 0.5 m
A20: 25 | B20: 90 | C20: 80 | D20: 112 | E20: 96 | F20: 119 | G20: 101 | H20: 104 | I20: 86 | K20: 25 | L20: 1.75 | M20: =L20*SQRT(3)/2 -> 1.5155445 | O20: 40 | P20: MCB | Q20: Buried | R20: D | S20: GND-DIRECT | W20: =X20&"|"&Y20 -> AIR-LADDER|2 cable dia | X20: AIR-LADDER | Y20: 2 cable dia | Z20: 1 | AA20: 1 | AB20: 1 | AC20: 1 | AD20: 1 | AE20: 1 | AH20: =AH$13*Z20 -> 1 | AI20: =AI$13*AA20 -> 2 | AJ20: =AJ$13*AB20 -> 3 | AK20: =AK$13*AC20 -> 4 | AL20: =AL$13*AD20 -> 5 | AM20: =AM$13*AE20 -> 6 | AO20: 1.0 m
A21: 35 | B21: 111 | C21: 99 | D21: 138 | E21: 119 | F21: 148 | G21: 126 | H21: 125 | I21: 103 | K21: 35 | L21: 1.25 | M21: =L21*SQRT(3)/2 -> 1.0825318 | O21: 50 | P21: MCB | Q21: In Ground Duct | R21: D | S21: GND-DUCT | W21: =X21&"|"&Y21 -> GND-DIRECT|Touching | X21: GND-DIRECT | Y21: Touching | Z21: 1 | AA21: 0.75 | AB21: 0.65 | AC21: 0.6 | AD21: 0.55 | AE21: 0.5 | AH21: =AH$13*Z21 -> 1 | AI21: =AI$13*AA21 -> 1.5 | AJ21: =AJ$13*AB21 -> 1.95 | AK21: =AK$13*AC21 -> 2.4 | AL21: =AL$13*AD21 -> 2.75 | AM21: =AM$13*AE21 -> 3
A22: 50 | B22: 133 | C22: 118 | D22: 168 | E22: 144 | F22: 180 | G22: 153 | H22: 148 | I22: 122 | K22: 50 | L22: 0.94 | M22: =L22*SQRT(3)/2 -> 0.81406388 | O22: 63 | P22: MCB | W22: =X22&"|"&Y22 -> GND-DIRECT|1 cable dia | X22: GND-DIRECT | Y22: 1 cable dia | Z22: 1 | AA22: 0.8 | AB22: 0.7 | AC22: 0.6 | AD22: 0.55 | AE22: 0.55 | AH22: =AH$13*Z22 -> 1 | AI22: =AI$13*AA22 -> 1.6 | AJ22: =AJ$13*AB22 -> 2.1 | AK22: =AK$13*AC22 -> 2.4 | AL22: =AL$13*AD22 -> 2.75 | AM22: =AM$13*AE22 -> 3.3
A23: 70 | B23: 168 | C23: 149 | D23: 213 | E23: 184 | F23: 232 | G23: 196 | H23: 183 | I23: 151 | K23: 70 | L23: 0.63 | M23: =L23*SQRT(3)/2 -> 0.545596 | O23: 80 | P23: MCCB | W23: =X23&"|"&Y23 -> GND-DIRECT|0.125 m | X23: GND-DIRECT | Y23: 0.125 m | Z23: 1 | AA23: 0.85 | AB23: 0.75 | AC23: 0.7 | AD23: 0.65 | AE23: 0.6 | AH23: =AH$13*Z23 -> 1 | AI23: =AI$13*AA23 -> 1.7 | AJ23: =AJ$13*AB23 -> 2.25 | AK23: =AK$13*AC23 -> 2.8 | AL23: =AL$13*AD23 -> 3.25 | AM23: =AM$13*AE23 -> 3.6
A24: 95 | B24: 201 | C24: 179 | D24: 258 | E24: 223 | F24: 282 | G24: 238 | H24: 216 | I24: 179 | K24: 95 | L24: 0.47 | M24: =L24*SQRT(3)/2 -> 0.40703194 | O24: 100 | P24: MCCB | W24: =X24&"|"&Y24 -> GND-DIRECT|0.25 m | X24: GND-DIRECT | Y24: 0.25 m | Z24: 1 | AA24: 0.9 | AB24: 0.8 | AC24: 0.75 | AD24: 0.7 | AE24: 0.7 | AH24: =AH$13*Z24 -> 1 | AI24: =AI$13*AA24 -> 1.8 | AJ24: =AJ$13*AB24 -> 2.4 | AK24: =AK$13*AC24 -> 3 | AL24: =AL$13*AD24 -> 3.5 | AM24: =AM$13*AE24 -> 4.2
A25: 120 | B25: 232 | C25: 206 | D25: 299 | E25: 259 | F25: 328 | G25: 276 | H25: 246 | I25: 203 | K25: 120 | L25: 0.38 | M25: =L25*SQRT(3)/2 -> 0.32908965 | O25: 125 | P25: MCCB | W25: =X25&"|"&Y25 -> GND-DIRECT|0.5 m | X25: GND-DIRECT | Y25: 0.5 m | Z25: 1 | AA25: 0.9 | AB25: 0.85 | AC25: 0.8 | AD25: 0.8 | AE25: 0.8 | AH25: =AH$13*Z25 -> 1 | AI25: =AI$13*AA25 -> 1.8 | AJ25: =AJ$13*AB25 -> 2.55 | AK25: =AK$13*AC25 -> 3.2 | AL25: =AL$13*AD25 -> 4 | AM25: =AM$13*AE25 -> 4.8
A26: 150 | B26: 266 | C26: 236 | D26: 344 | E26: 299 | F26: 379 | G26: 319 | H26: 278 | I26: 230 | K26: 150 | L26: 0.3 | M26: =L26*SQRT(3)/2 -> 0.25980762 | O26: 160 | P26: MCCB | W26: =X26&"|"&Y26 -> GND-DUCT|Touching | X26: GND-DUCT | Y26: Touching | Z26: 1 | AA26: 0.85 | AB26: 0.75 | AC26: 0.7 | AD26: 0.65 | AE26: 0.6 | AH26: =AH$13*Z26 -> 1 | AI26: =AI$13*AA26 -> 1.7 | AJ26: =AJ$13*AB26 -> 2.25 | AK26: =AK$13*AC26 -> 2.8 | AL26: =AL$13*AD26 -> 3.25 | AM26: =AM$13*AE26 -> 3.6
A27: 185 | B27: 303 | C27: 268 | D27: 392 | E27: 341 | F27: 434 | G27: 364 | H27: 312 | I27: 258 | K27: 185 | L27: 0.25 | M27: =L27*SQRT(3)/2 -> 0.21650635 | O27: 200 | P27: MCCB | W27: =X27&"|"&Y27 -> GND-DUCT|0.25 m | X27: GND-DUCT | Y27: 0.25 m | Z27: 1 | AA27: 0.9 | AB27: 0.85 | AC27: 0.8 | AD27: 0.8 | AE27: 0.8 | AH27: =AH$13*Z27 -> 1 | AI27: =AI$13*AA27 -> 1.8 | AJ27: =AJ$13*AB27 -> 2.55 | AK27: =AK$13*AC27 -> 3.2 | AL27: =AL$13*AD27 -> 4 | AM27: =AM$13*AE27 -> 4.8
A28: 240 | B28: 356 | C28: 315 | D28: 461 | E28: 403 | F28: 514 | G28: 430 | H28: 361 | I28: 297 | K28: 240 | L28: 0.195 | M28: =L28*SQRT(3)/2 -> 0.16887495 | O28: 250 | P28: MCCB | W28: =X28&"|"&Y28 -> GND-DUCT|0.5 m | X28: GND-DUCT | Y28: 0.5 m | Z28: 1 | AA28: 0.95 | AB28: 0.9 | AC28: 0.85 | AD28: 0.85 | AE28: 0.8 | AH28: =AH$13*Z28 -> 1 | AI28: =AI$13*AA28 -> 1.9 | AJ28: =AJ$13*AB28 -> 2.7 | AK28: =AK$13*AC28 -> 3.4 | AL28: =AL$13*AD28 -> 4.25 | AM28: =AM$13*AE28 -> 4.8
A29: 300 | B29: 409 | C29: 361 | D29: 530 | E29: 464 | F29: 593 | G29: 497 | H29: 408 | I29: 336 | K29: 300 | L29: 0.16 | M29: =L29*SQRT(3)/2 -> 0.13856406 | O29: 315 | P29: MCCB | W29: =X29&"|"&Y29 -> GND-DUCT|1.0 m | X29: GND-DUCT | Y29: 1.0 m | Z29: 1 | AA29: 0.95 | AB29: 0.95 | AC29: 0.9 | AD29: 0.9 | AE29: 0.9 | AH29: =AH$13*Z29 -> 1 | AI29: =AI$13*AA29 -> 1.9 | AJ29: =AJ$13*AB29 -> 2.85 | AK29: =AK$13*AC29 -> 3.6 | AL29: =AL$13*AD29 -> 4.5 | AM29: =AM$13*AE29 -> 5.4
O30: 400 | P30: MCCB
A31: SUPERSEDED – not used by the calculator. Rubber ratings now from H07RN-F manufacturer data on 'Cable Data'. | O31: 500 | P31: MCCB | W31: Short-circuit k factor (A·√s/mm²) – IEC 60364-4-43 Table 43A, line conductors ≤ 300 mm². VERIFY.
A32: Size (mm2) | B32: =B13 -> B|2 | C32: =C13 -> B|3 | D32: =D13 -> C|2 | E32: =E13 -> C|3 | F32: =F13 -> E|2 | G32: =G13 -> E|3 | H32: =H13 -> D|2 | I32: =I13 -> D|3 | O32: 630 | P32: MCCB | W32: Key | X32: Conductor | Y32: Insulation | Z32: k
A33: =A14 -> 1.5 | B33: =ROUND(B14*Fac_Rubber,1) -> 14.4 | C33: =ROUND(C14*Fac_Rubber,1) -> 13.1 | D33: =ROUND(D14*Fac_Rubber,1) -> 17 | E33: =ROUND(E14*Fac_Rubber,1) -> 15.2 | F33: =ROUND(F14*Fac_Rubber,1) -> 19.1 | G33: =ROUND(G14*Fac_Rubber,1) -> 16.1 | H33: =ROUND(H14*Fac_Rubber,1) -> 19.1 | I33: =ROUND(I14*Fac_Rubber,1) -> 15.7 | O33: 800 | P33: MCCB | W33: =X33&"|"&Y33 -> Copper|PVC | X33: Copper | Y33: PVC | Z33: 115
A34: =A15 -> 2.5 | B34: =ROUND(B15*Fac_Rubber,1) -> 20 | C34: =ROUND(C15*Fac_Rubber,1) -> 17.4 | D34: =ROUND(D15*Fac_Rubber,1) -> 23.5 | E34: =ROUND(E15*Fac_Rubber,1) -> 20.9 | F34: =ROUND(F15*Fac_Rubber,1) -> 26.1 | G34: =ROUND(G15*Fac_Rubber,1) -> 21.8 | H34: =ROUND(H15*Fac_Rubber,1) -> 25.2 | I34: =ROUND(I15*Fac_Rubber,1) -> 20.9 | O34: 1000 | P34: MCCB | W34: =X34&"|"&Y34 -> Copper|XLPE | X34: Copper | Y34: XLPE | Z34: 143
A35: =A16 -> 4 | B35: =ROUND(B16*Fac_Rubber,1) -> 26.1 | C35: =ROUND(C16*Fac_Rubber,1) -> 23.5 | D35: =ROUND(D16*Fac_Rubber,1) -> 31.3 | E35: =ROUND(E16*Fac_Rubber,1) -> 27.8 | F35: =ROUND(F16*Fac_Rubber,1) -> 34.8 | G35: =ROUND(G16*Fac_Rubber,1) -> 29.6 | H35: =ROUND(H16*Fac_Rubber,1) -> 33.1 | I35: =ROUND(I16*Fac_Rubber,1) -> 27 | O35: 1250 | P35: MCCB | W35: =X35&"|"&Y35 -> Copper|Rubber | X35: Copper | Y35: Rubber | Z35: 141
A36: =A17 -> 6 | B36: =ROUND(B17*Fac_Rubber,1) -> 33.1 | C36: =ROUND(C17*Fac_Rubber,1) -> 29.6 | D36: =ROUND(D17*Fac_Rubber,1) -> 40 | E36: =ROUND(E17*Fac_Rubber,1) -> 35.7 | F36: =ROUND(F17*Fac_Rubber,1) -> 44.4 | G36: =ROUND(G17*Fac_Rubber,1) -> 37.4 | H36: =ROUND(H17*Fac_Rubber,1) -> 40.9 | I36: =ROUND(I17*Fac_Rubber,1) -> 33.9 | O36: 1600 | P36: ACB | W36: =X36&"|"&Y36 -> Aluminium|PVC | X36: Aluminium | Y36: PVC | Z36: 76
A37: =A18 -> 10 | B37: =ROUND(B18*Fac_Rubber,1) -> 45.2 | C37: =ROUND(C18*Fac_Rubber,1) -> 40 | D37: =ROUND(D18*Fac_Rubber,1) -> 54.8 | E37: =ROUND(E18*Fac_Rubber,1) -> 49.6 | F37: =ROUND(F18*Fac_Rubber,1) -> 60.9 | G37: =ROUND(G18*Fac_Rubber,1) -> 52.2 | H37: =ROUND(H18*Fac_Rubber,1) -> 54.8 | I37: =ROUND(I18*Fac_Rubber,1) -> 45.2 | O37: 2000 | P37: ACB | W37: =X37&"|"&Y37 -> Aluminium|XLPE | X37: Aluminium | Y37: XLPE | Z37: 94
A38: =A19 -> 16 | B38: =ROUND(B19*Fac_Rubber,1) -> 60 | C38: =ROUND(C19*Fac_Rubber,1) -> 53.9 | D38: =ROUND(D19*Fac_Rubber,1) -> 74 | E38: =ROUND(E19*Fac_Rubber,1) -> 66.1 | F38: =ROUND(F19*Fac_Rubber,1) -> 81.8 | G38: =ROUND(G19*Fac_Rubber,1) -> 69.6 | H38: =ROUND(H19*Fac_Rubber,1) -> 70.5 | I38: =ROUND(I19*Fac_Rubber,1) -> 58.3 | O38: 2500 | P38: ACB | W38: =X38&"|"&Y38 -> Aluminium|Rubber | X38: Aluminium | Y38: Rubber | Z38: 93
A39: =A20 -> 25 | B39: =ROUND(B20*Fac_Rubber,1) -> 78.3 | C39: =ROUND(C20*Fac_Rubber,1) -> 69.6 | D39: =ROUND(D20*Fac_Rubber,1) -> 97.4 | E39: =ROUND(E20*Fac_Rubber,1) -> 83.5 | F39: =ROUND(F20*Fac_Rubber,1) -> 103.5 | G39: =ROUND(G20*Fac_Rubber,1) -> 87.9 | H39: =ROUND(H20*Fac_Rubber,1) -> 90.5 | I39: =ROUND(I20*Fac_Rubber,1) -> 74.8 | O39: 3200 | P39: ACB
A40: =A21 -> 35 | B40: =ROUND(B21*Fac_Rubber,1) -> 96.6 | C40: =ROUND(C21*Fac_Rubber,1) -> 86.1 | D40: =ROUND(D21*Fac_Rubber,1) -> 120.1 | E40: =ROUND(E21*Fac_Rubber,1) -> 103.5 | F40: =ROUND(F21*Fac_Rubber,1) -> 128.8 | G40: =ROUND(G21*Fac_Rubber,1) -> 109.6 | H40: =ROUND(H21*Fac_Rubber,1) -> 108.8 | I40: =ROUND(I21*Fac_Rubber,1) -> 89.6 | O40: 4000 | P40: ACB | W40: Default fault clearing time t (s) by device – used when circuit cell blank. Adiabatic S ≥ Ik·√t / k valid 0.1–5 s; below 0.1 s, 0.1 s is used (conservative) – or check device I²t let-through.
A41: =A22 -> 50 | B41: =ROUND(B22*Fac_Rubber,1) -> 115.7 | C41: =ROUND(C22*Fac_Rubber,1) -> 102.7 | D41: =ROUND(D22*Fac_Rubber,1) -> 146.2 | E41: =ROUND(E22*Fac_Rubber,1) -> 125.3 | F41: =ROUND(F22*Fac_Rubber,1) -> 156.6 | G41: =ROUND(G22*Fac_Rubber,1) -> 133.1 | H41: =ROUND(H22*Fac_Rubber,1) -> 128.8 | I41: =ROUND(I22*Fac_Rubber,1) -> 106.1 | O41: 5000 | P41: ACB | W41: Device | X41: Default t (s)
A42: =A23 -> 70 | B42: =ROUND(B23*Fac_Rubber,1) -> 146.2 | C42: =ROUND(C23*Fac_Rubber,1) -> 129.6 | D42: =ROUND(D23*Fac_Rubber,1) -> 185.3 | E42: =ROUND(E23*Fac_Rubber,1) -> 160.1 | F42: =ROUND(F23*Fac_Rubber,1) -> 201.8 | G42: =ROUND(G23*Fac_Rubber,1) -> 170.5 | H42: =ROUND(H23*Fac_Rubber,1) -> 159.2 | I42: =ROUND(I23*Fac_Rubber,1) -> 131.4 | O42: 6300 | P42: ACB | W42: MCB | X42: 0.1
A43: =A24 -> 95 | B43: =ROUND(B24*Fac_Rubber,1) -> 174.9 | C43: =ROUND(C24*Fac_Rubber,1) -> 155.7 | D43: =ROUND(D24*Fac_Rubber,1) -> 224.5 | E43: =ROUND(E24*Fac_Rubber,1) -> 194 | F43: =ROUND(F24*Fac_Rubber,1) -> 245.3 | G43: =ROUND(G24*Fac_Rubber,1) -> 207.1 | H43: =ROUND(H24*Fac_Rubber,1) -> 187.9 | I43: =ROUND(I24*Fac_Rubber,1) -> 155.7 | W43: MCCB | X43: 0.1
A44: =A25 -> 120 | B44: =ROUND(B25*Fac_Rubber,1) -> 201.8 | C44: =ROUND(C25*Fac_Rubber,1) -> 179.2 | D44: =ROUND(D25*Fac_Rubber,1) -> 260.1 | E44: =ROUND(E25*Fac_Rubber,1) -> 225.3 | F44: =ROUND(F25*Fac_Rubber,1) -> 285.4 | G44: =ROUND(G25*Fac_Rubber,1) -> 240.1 | H44: =ROUND(H25*Fac_Rubber,1) -> 214 | I44: =ROUND(I25*Fac_Rubber,1) -> 176.6 | O44: Device type per IEC 60898-1 (MCB ≤ 63 A) / IEC 60947-2 (MCCB 80–1250 A, ACB 1600–6300 A). MCCB also available to 1600 A – edit column P to suit. ACB rating = frame/rating plug; set Ir ≤ Iz. | W44: ACB | X44: 0.4 | Y44: ACB with short-time delay for selectivity (typ. 0.1–0.5 s)
A45: =A26 -> 150 | B45: =ROUND(B26*Fac_Rubber,1) -> 231.4 | C45: =ROUND(C26*Fac_Rubber,1) -> 205.3 | D45: =ROUND(D26*Fac_Rubber,1) -> 299.3 | E45: =ROUND(E26*Fac_Rubber,1) -> 260.1 | F45: =ROUND(F26*Fac_Rubber,1) -> 329.7 | G45: =ROUND(G26*Fac_Rubber,1) -> 277.5 | H45: =ROUND(H26*Fac_Rubber,1) -> 241.9 | I45: =ROUND(I26*Fac_Rubber,1) -> 200.1
A46: =A27 -> 185 | B46: =ROUND(B27*Fac_Rubber,1) -> 263.6 | C46: =ROUND(C27*Fac_Rubber,1) -> 233.2 | D46: =ROUND(D27*Fac_Rubber,1) -> 341 | E46: =ROUND(E27*Fac_Rubber,1) -> 296.7 | F46: =ROUND(F27*Fac_Rubber,1) -> 377.6 | G46: =ROUND(G27*Fac_Rubber,1) -> 316.7 | H46: =ROUND(H27*Fac_Rubber,1) -> 271.4 | I46: =ROUND(I27*Fac_Rubber,1) -> 224.5 | W46: Trip-unit current setting Ir by device – Ir = smallest setting ≥ Ib (Ib ≤ Ir ≤ In); cable sized to Ir (IEC 60364-4-43 cl. 433.1). Edit to match chosen breakers.
A47: =A28 -> 240 | B47: =ROUND(B28*Fac_Rubber,1) -> 309.7 | C47: =ROUND(C28*Fac_Rubber,1) -> 274.1 | D47: =ROUND(D28*Fac_Rubber,1) -> 401.1 | E47: =ROUND(E28*Fac_Rubber,1) -> 350.6 | F47: =ROUND(F28*Fac_Rubber,1) -> 447.2 | G47: =ROUND(G28*Fac_Rubber,1) -> 374.1 | H47: =ROUND(H28*Fac_Rubber,1) -> 314.1 | I47: =ROUND(I28*Fac_Rubber,1) -> 258.4 | W47: Device | X47: Ir min (× In) | Y47: Ir step (× In) | Z47: Basis
A48: =A29 -> 300 | B48: =ROUND(B29*Fac_Rubber,1) -> 355.8 | C48: =ROUND(C29*Fac_Rubber,1) -> 314.1 | D48: =ROUND(D29*Fac_Rubber,1) -> 461.1 | E48: =ROUND(E29*Fac_Rubber,1) -> 403.7 | F48: =ROUND(F29*Fac_Rubber,1) -> 515.9 | G48: =ROUND(G29*Fac_Rubber,1) -> 432.4 | H48: =ROUND(H29*Fac_Rubber,1) -> 355 | I48: =ROUND(I29*Fac_Rubber,1) -> 292.3 | W48: MCB | X48: 1 | Y48: 1 | Z48: Fixed – Ir = In
W49: MCCB | X49: 0.7 | Y49: 0.05 | Z49: Thermal-magnetic, adjustable 0.7–1.0 In (typical)
W50: ACB | X50: 0.4 | Y50: 0.01 | Z50: Electronic trip unit, 0.4–1.0 In (typical)
A51: DC / SOLAR PV REFERENCE DATA (used by 'DC Cable Sizes')
A52: VERIFY against SANS 10142-1-2 / IEC 62548 / EN 50618 and the cable manufacturer's data. | W52: Breaker safety factor (× Ib) | X52: 1.25 | Y52: Breaker frame In and trip setting Ir must be ≥ Ib × this factor (1.25 = 80% continuous loading). Set 1.00 for none.
A53: DC Factors / Assumptions
A54: Default DC derating (if circuit cell blank) | B54: 1
A55: Conductor temp for VD resistance (°C) | B55: 90
A56: Copper resistance temp coefficient (/°C) | B56: 0.00393
A57: Max DC cables in parallel | B57: 4
A58: Max DC system voltage (V) | B58: 1500
A59: DC circuit types
A60: Circuit Type | B60: Ib multiplier (x current input) | C60: Min protection (x current input) | D60: VD limit (%) | E60: Basis | F60: Max cable size (mm2) | G60: Max cables in parallel
A61: PV String | B61: 1.25 | C61: 1.5 | D61: 0.01 | E61: Input = string Isc(STC). IEC 62548: Iz ≥ 1.25 Isc; string fuse ≥ 1.5 Isc | F61: 10 | G61: 1
A62: PV Array | B62: 1.25 | C62: 1.25 | D62: 0.01 | E62: Input = string Isc x strings. Iz ≥ 1.25 Isc array | F62: 10 | G62: 1
A63: Battery | B63: 1 | C63: 1 | D63: 0.01 | E63: Input = max battery charge/discharge current | F63: 240 | G63: =Fac_DCMaxRuns -> 4
A64: General DC | B64: 1 | C64: 1 | D64: 0.03 | E64: Input = design current Ib | F64: 240 | G64: =Fac_DCMaxRuns -> 4
A66: Solar PV cable CCC (A) – single-core, tinned Cu, 120°C conductor, 60°C ambient (EN 50618 Table A.3) + DC resistance at 20°C (IEC 60228 class 5)
A67: Size (mm2) | B67: Free Air (single) | C67: On Surface (single) | D67: On Surface (2 adjacent) | E67: R20 (ohm/km) | G67: Std DC Fuse/Breaker (A)
A68: 1.5 | B68: 30 | C68: 29 | D68: 24 | E68: 13.7 | G68: 1
A69: 2.5 | B69: 41 | C69: 39 | D69: 33 | E69: 8.21 | G69: 2
A70: 4 | B70: 55 | C70: 52 | D70: 44 | E70: 5.09 | G70: 3
A71: 6 | B71: 70 | C71: 67 | D71: 57 | E71: 3.39 | G71: 4
A72: 10 | B72: 98 | C72: 93 | D72: 79 | E72: 1.95 | G72: 5
A73: 16 | B73: 132 | C73: 125 | D73: 107 | E73: 1.24 | G73: 6
A74: 25 | B74: 176 | C74: 167 | D74: 142 | E74: 0.795 | G74: 8
A75: 35 | B75: 218 | C75: 207 | D75: 176 | E75: 0.565 | G75: 10
A76: 50 | B76: 276 | C76: 262 | D76: 221 | E76: 0.393 | G76: 12
A77: 70 | B77: 347 | C77: 330 | D77: 278 | E77: 0.277 | G77: 15
A78: 95 | B78: 416 | C78: 395 | D78: 333 | E78: 0.21 | G78: 16
A79: 120 | B79: 488 | C79: 464 | D79: 390 | E79: 0.164 | G79: 20
... A82: 240 | B82: 775 | C82: 736 | D82: 620 | E82: 0.0817 | G82: 32
G83: 40
G84: 50
G85: 63
G86: 80
G87: 100
G88: 125
G89: 160
G90: 200
G91: 250
G92: 315
G93: 400
G94: 500
... G99: 1600

Sheet Cable Data
A1: Cable Lookup Tables – used by the AC calculator ('Cables Sizes')
A2: PVC values link to 'SANS Data' (edit them there). Rubber values: H07RN-F manufacturer data (60°C conductor, 30°C ambient, free air / on surface). VERIFY against SANS 10142-1.
A4: Current-carrying capacity It (A) – key = Ref method | loaded conductors (F = single-core in air/on surface) | W4: Voltage drop (mV/A/m) – used by the calculator
B5: PVC 70°C copper (XLPE via factor on 'SANS Data') | L5: Rubber 60°C H07RN-F copper (EN 50525-2-21) | W5: PVC / XLPE (from 'SANS Data') | AA5: Rubber 60°C H07RN-F
A6: Size (mm2) | B6: B|2 | C6: B|3 | D6: C|2 | E6: C|3 | F6: E|2 | G6: E|3 | H6: D|2 | I6: D|3 | J6: F|2 | K6: F|3 | L6: B|2 | M6: B|3 | N6: C|2 | O6: C|3 | P6: E|2 | Q6: E|3 | R6: D|2 | S6: D|3 | T6: F|2 | U6: F|3 | W6: Multi 1ph | X6: Multi 3ph | Y6: 1-core 1ph | Z6: 1-core 3ph | AA6: Multi 1ph | AB6: Multi 3ph | AC6: 1-core 1ph | AD6: 1-core 3ph
A7: ='SANS Data'!A14 -> 1.5 | B7: ='SANS Data'!B14 -> 16.5 | C7: ='SANS Data'!C14 -> 15 | D7: ='SANS Data'!D14 -> 19.5 | E7: ='SANS Data'!E14 -> 17.5 | F7: ='SANS Data'!F14 -> 22 | G7: ='SANS Data'!G14 -> 18.5 | H7: ='SANS Data'!H14 -> 22 | I7: ='SANS Data'!I14 -> 18 | N7: 16 | O7: 16 | P7: =IF(N7="","",N7) -> 16 | Q7: =IF(O7="","",O7) -> 16 | U7: {=IF(T7="","",ROUND(T7*Fac_Trefoil,0))} | W7: ='SANS Data'!L14 -> 29 | X7: ='SANS Data'!M14 -> 25.114737 | AA7: 32 | AB7: 27 | AD7: =IF(AC7="","",AC7*SQRT(3)/2)
A8: ='SANS Data'!A15 -> 2.5 | B8: ='SANS Data'!B15 -> 23 | C8: ='SANS Data'!C15 -> 20 | D8: ='SANS Data'!D15 -> 27 | E8: ='SANS Data'!E15 -> 24 | F8: ='SANS Data'!F15 -> 30 | G8: ='SANS Data'!G15 -> 25 | H8: ='SANS Data'!H15 -> 29 | I8: ='SANS Data'!I15 -> 24 | N8: 25 | O8: 20 | P8: =IF(N8="","",N8) -> 25 | Q8: =IF(O8="","",O8) -> 20 | U8: {=IF(T8="","",ROUND(T8*Fac_Trefoil,0))} | W8: ='SANS Data'!L15 -> 18 | X8: ='SANS Data'!M15 -> 15.588457 | AA8: 19 | AB8: 16 | AD8: =IF(AC8="","",AC8*SQRT(3)/2)
A9: ='SANS Data'!A16 -> 4 | B9: ='SANS Data'!B16 -> 30 | C9: ='SANS Data'!C16 -> 27 | D9: ='SANS Data'!D16 -> 36 | E9: ='SANS Data'!E16 -> 32 | F9: ='SANS Data'!F16 -> 40 | G9: ='SANS Data'!G16 -> 34 | H9: ='SANS Data'!H16 -> 38 | I9: ='SANS Data'!I16 -> 31 | N9: 30 | O9: 26 | P9: =IF(N9="","",N9) -> 30 | Q9: =IF(O9="","",O9) -> 26 | U9: {=IF(T9="","",ROUND(T9*Fac_Trefoil,0))} | W9: ='SANS Data'!L16 -> 11 | X9: ='SANS Data'!M16 -> 9.5262794 | AA9: 12 | AB9: 10 | AD9: =IF(AC9="","",AC9*SQRT(3)/2)
A10: ='SANS Data'!A17 -> 6 | B10: ='SANS Data'!B17 -> 38 | C10: ='SANS Data'!C17 -> 34 | D10: ='SANS Data'!D17 -> 46 | E10: ='SANS Data'!E17 -> 41 | F10: ='SANS Data'!F17 -> 51 | G10: ='SANS Data'!G17 -> 43 | H10: ='SANS Data'!H17 -> 47 | I10: ='SANS Data'!I17 -> 39 | N10: 39 | O10: 34 | P10: =IF(N10="","",N10) -> 39 | Q10: =IF(O10="","",O10) -> 34 | U10: {=IF(T10="","",ROUND(T10*Fac_Trefoil,0))} | W10: ='SANS Data'!L17 -> 7.3 | X10: ='SANS Data'!M17 -> 6.3219854 | AA10: 7.8 | AB10: 6.7 | AD10: =IF(AC10="","",AC10*SQRT(3)/2)
A11: ='SANS Data'!A18 -> 10 | B11: ='SANS Data'!B18 -> 52 | C11: ='SANS Data'!C18 -> 46 | D11: ='SANS Data'!D18 -> 63 | E11: ='SANS Data'!E18 -> 57 | F11: ='SANS Data'!F18 -> 70 | G11: ='SANS Data'!G18 -> 60 | H11: ='SANS Data'!H18 -> 63 | I11: ='SANS Data'!I18 -> 52 | N11: 51 | O11: 47 | P11: =IF(N11="","",N11) -> 51 | Q11: =IF(O11="","",O11) -> 47 | U11: {=IF(T11="","",ROUND(T11*Fac_Trefoil,0))} | W11: ='SANS Data'!L18 -> 4.4 | X11: ='SANS Data'!M18 -> 3.8105118 | AA11: 4.6 | AB11: 4 | AD11: =IF(AC11="","",AC11*SQRT(3)/2)
A12: ='SANS Data'!A19 -> 16 | B12: ='SANS Data'!B19 -> 69 | C12: ='SANS Data'!C19 -> 62 | D12: ='SANS Data'!D19 -> 85 | E12: ='SANS Data'!E19 -> 76 | F12: ='SANS Data'!F19 -> 94 | G12: ='SANS Data'!G19 -> 80 | H12: ='SANS Data'!H19 -> 81 | I12: ='SANS Data'!I19 -> 67 | N12: 73 | O12: 63 | P12: =IF(N12="","",N12) -> 73 | Q12: =IF(O12="","",O12) -> 63 | U12: {=IF(T12="","",ROUND(T12*Fac_Trefoil,0))} | W12: ='SANS Data'!L19 -> 2.8 | X12: ='SANS Data'!M19 -> 2.4248711 | AA12: 2.9 | AB12: 2.5 | AD12: =IF(AC12="","",AC12*SQRT(3)/2)
A13: ='SANS Data'!A20 -> 25 | B13: ='SANS Data'!B20 -> 90 | C13: ='SANS Data'!C20 -> 80 | D13: ='SANS Data'!D20 -> 112 | E13: ='SANS Data'!E20 -> 96 | F13: ='SANS Data'!F20 -> 119 | G13: ='SANS Data'!G20 -> 101 | H13: ='SANS Data'!H20 -> 104 | I13: ='SANS Data'!I20 -> 86 | J13: 131 | K13: 110 | N13: 97 | O13: 83 | P13: =IF(N13="","",N13) -> 97 | Q13: =IF(O13="","",O13) -> 83 | U13: {=IF(T13="","",ROUND(T13*Fac_Trefoil,0))} | W13: ='SANS Data'!L20 -> 1.75 | X13: ='SANS Data'!M20 -> 1.5155445 | Y13: 1.8 | Z13: 1.5 | AA13: 1.85 | AB13: 1.55 | AD13: =IF(AC13="","",AC13*SQRT(3)/2)
A14: ='SANS Data'!A21 -> 35 | B14: ='SANS Data'!B21 -> 111 | C14: ='SANS Data'!C21 -> 99 | D14: ='SANS Data'!D21 -> 138 | E14: ='SANS Data'!E21 -> 119 | F14: ='SANS Data'!F21 -> 148 | G14: ='SANS Data'!G21 -> 126 | H14: ='SANS Data'!H21 -> 125 | I14: ='SANS Data'!I21 -> 103 | J14: 162 | K14: 137 | O14: 102 | P14: =IF(N14="","",N14) | Q14: =IF(O14="","",O14) -> 102 | T14: 140 | U14: {=IF(T14="","",ROUND(T14*Fac_Trefoil,0))} -> 119 | W14: ='SANS Data'!L21 -> 1.25 | X14: ='SANS Data'!M21 -> 1.0825318 | Y14: 1.3 | Z14: 1.1 | AB14: 1.15 | AC14: 1.32 | AD14: =IF(AC14="","",AC14*SQRT(3)/2) -> 1.1431535
A15: ='SANS Data'!A22 -> 50 | B15: ='SANS Data'!B22 -> 133 | C15: ='SANS Data'!C22 -> 118 | D15: ='SANS Data'!D22 -> 168 | E15: ='SANS Data'!E22 -> 144 | F15: ='SANS Data'!F22 -> 180 | G15: ='SANS Data'!G22 -> 153 | H15: ='SANS Data'!H22 -> 148 | I15: ='SANS Data'!I22 -> 122 | J15: 196 | K15: 167 | O15: 124 | P15: =IF(N15="","",N15) | Q15: =IF(O15="","",O15) -> 124 | T15: 175 | U15: {=IF(T15="","",ROUND(T15*Fac_Trefoil,0))} -> 149 | W15: ='SANS Data'!L22 -> 0.94 | X15: ='SANS Data'!M22 -> 0.81406388 | Y15: 0.95 | Z15: 0.8 | AB15: 0.84 | AC15: 0.93 | AD15: =IF(AC15="","",AC15*SQRT(3)/2) -> 0.80540363
A16: ='SANS Data'!A23 -> 70 | B16: ='SANS Data'!B23 -> 168 | C16: ='SANS Data'!C23 -> 149 | D16: ='SANS Data'!D23 -> 213 | E16: ='SANS Data'!E23 -> 184 | F16: ='SANS Data'!F23 -> 232 | G16: ='SANS Data'!G23 -> 196 | H16: ='SANS Data'!H23 -> 183 | I16: ='SANS Data'!I23 -> 151 | J16: 251 | K16: 216 | O16: 158 | P16: =IF(N16="","",N16) | Q16: =IF(O16="","",O16) -> 158 | T16: 216 | U16: {=IF(T16="","",ROUND(T16*Fac_Trefoil,0))} -> 184 | W16: ='SANS Data'!L23 -> 0.63 | X16: ='SANS Data'!M23 -> 0.545596 | Y16: 0.65 | Z16: 0.55 | AB16: 0.58 | AC16: 0.67 | AD16: =IF(AC16="","",AC16*SQRT(3)/2) -> 0.58023702
A17: ='SANS Data'!A24 -> 95 | B17: ='SANS Data'!B24 -> 201 | C17: ='SANS Data'!C24 -> 179 | D17: ='SANS Data'!D24 -> 258 | E17: ='SANS Data'!E24 -> 223 | F17: ='SANS Data'!F24 -> 282 | G17: ='SANS Data'!G24 -> 238 | H17: ='SANS Data'!H24 -> 216 | I17: ='SANS Data'!I24 -> 179 | J17: 304 | K17: 264 | O17: 192 | P17: =IF(N17="","",N17) | Q17: =IF(O17="","",O17) -> 192 | T17: 258 | U17: {=IF(T17="","",ROUND(T17*Fac_Trefoil,0))} -> 219 | W17: ='SANS Data'!L24 -> 0.47 | X17: ='SANS Data'!M24 -> 0.40703194 | Y17: 0.49 | Z17: 0.41 | AB17: 0.44 | AC17: 0.53 | AD17: =IF(AC17="","",AC17*SQRT(3)/2) -> 0.45899346
A18: ='SANS Data'!A25 -> 120 | B18: ='SANS Data'!B25 -> 232 | C18: ='SANS Data'!C25 -> 206 | D18: ='SANS Data'!D25 -> 299 | E18: ='SANS Data'!E25 -> 259 | F18: ='SANS Data'!F25 -> 328 | G18: ='SANS Data'!G25 -> 276 | H18: ='SANS Data'!H25 -> 246 | I18: ='SANS Data'!I25 -> 203 | J18: 352 | K18: 308 | O18: 222 | P18: =IF(N18="","",N18) | Q18: =IF(O18="","",O18) -> 222 | T18: 302 | U18: {=IF(T18="","",ROUND(T18*Fac_Trefoil,0))} -> 257 | W18: ='SANS Data'!L25 -> 0.38 | X18: ='SANS Data'!M25 -> 0.32908965 | Y18: 0.39 | Z18: 0.33 | AB18: 0.36 | AC18: 0.43 | AD18: =IF(AC18="","",AC18*SQRT(3)/2) -> 0.37239092
A19: ='SANS Data'!A26 -> 150 | B19: ='SANS Data'!B26 -> 266 | C19: ='SANS Data'!C26 -> 236 | D19: ='SANS Data'!D26 -> 344 | E19: ='SANS Data'!E26 -> 299 | F19: ='SANS Data'!F26 -> 379 | G19: ='SANS Data'!G26 -> 319 | H19: ='SANS Data'!H26 -> 278 | I19: ='SANS Data'!I26 -> 230 | J19: 406 | K19: 356 | O19: 255 | P19: =IF(N19="","",N19) | Q19: =IF(O19="","",O19) -> 255 | T19: 347 | U19: {=IF(T19="","",ROUND(T19*Fac_Trefoil,0))} -> 295 | W19: ='SANS Data'!L26 -> 0.3 | X19: ='SANS Data'!M26 -> 0.25980762 | Y19: 0.33 | Z19: 0.29 | AB19: 0.3 | AC19: 0.36 | AD19: =IF(AC19="","",AC19*SQRT(3)/2) -> 0.31176915
A20: ='SANS Data'!A27 -> 185 | B20: ='SANS Data'!B27 -> 303 | C20: ='SANS Data'!C27 -> 268 | D20: ='SANS Data'!D27 -> 392 | E20: ='SANS Data'!E27 -> 341 | F20: ='SANS Data'!F27 -> 434 | G20: ='SANS Data'!G27 -> 364 | H20: ='SANS Data'!H27 -> 312 | I20: ='SANS Data'!I27 -> 258 | J20: 463 | K20: 409 | O20: 291 | P20: =IF(N20="","",N20) | Q20: =IF(O20="","",O20) -> 291 | T20: 394 | U20: {=IF(T20="","",ROUND(T20*Fac_Trefoil,0))} -> 335 | W20: ='SANS Data'!L27 -> 0.25 | X20: ='SANS Data'!M27 -> 0.21650635 | Y20: 0.28 | Z20: 0.25 | AB20: 0.26 | AC20: 0.32 | AD20: =IF(AC20="","",AC20*SQRT(3)/2) -> 0.27712813
A21: ='SANS Data'!A28 -> 240 | B21: ='SANS Data'!B28 -> 356 | C21: ='SANS Data'!C28 -> 315 | D21: ='SANS Data'!D28 -> 461 | E21: ='SANS Data'!E28 -> 403 | F21: ='SANS Data'!F28 -> 514 | G21: ='SANS Data'!G28 -> 430 | H21: ='SANS Data'!H28 -> 361 | I21: ='SANS Data'!I28 -> 297 | J21: 546 | K21: 485 | O21: 343 | P21: =IF(N21="","",N21) | Q21: =IF(O21="","",O21) -> 343 | T21: 471 | U21: {=IF(T21="","",ROUND(T21*Fac_Trefoil,0))} -> 400 | W21: ='SANS Data'!L28 -> 0.195 | X21: ='SANS Data'!M28 -> 0.16887495 | Y21: 0.24 | Z21: 0.21 | AB21: 0.21 | AC21: 0.27 | AD21: =IF(AC21="","",AC21*SQRT(3)/2) -> 0.23382686
A22: ='SANS Data'!A29 -> 300 | B22: ='SANS Data'!B29 -> 409 | C22: ='SANS Data'!C29 -> 361 | D22: ='SANS Data'!D29 -> 530 | E22: ='SANS Data'!E29 -> 464 | F22: ='SANS Data'!F29 -> 593 | G22: ='SANS Data'!G29 -> 497 | H22: ='SANS Data'!H29 -> 408 | I22: ='SANS Data'!I29 -> 336 | J22: 629 | K22: 561 | O22: 394 | P22: =IF(N22="","",N22) | Q22: =IF(O22="","",O22) -> 394 | T22: 541 | U22: {=IF(T22="","",ROUND(T22*Fac_Trefoil,0))} -> 460 | W22: ='SANS Data'!L29 -> 0.16 | X22: ='SANS Data'!M29 -> 0.13856406 | Y22: 0.21 | Z22: 0.185 | AB22: 0.185 | AC22: 0.24 | AD22: =IF(AC22="","",AC22*SQRT(3)/2) -> 0.2078461
A23: 400 | J23: 754 | K23: 656 | P23: =IF(N23="","",N23) | Q23: =IF(O23="","",O23) | T23: 644 | U23: {=IF(T23="","",ROUND(T23*Fac_Trefoil,0))} -> 547 | Y23: 0.195 | Z23: 0.17 | AC23: 0.21 | AD23: =IF(AC23="","",AC23*SQRT(3)/2) -> 0.18186533
A24: 500 | J24: 868 | K24: 749 | P24: =IF(N24="","",N24) | Q24: =IF(O24="","",O24) | T24: 738 | U24: {=IF(T24="","",ROUND(T24*Fac_Trefoil,0))} -> 627 | Y24: 0.18 | Z24: 0.155 | AC24: 0.2 | AD24: =IF(AC24="","",AC24*SQRT(3)/2) -> 0.17320508
A25: 630 | J25: 1005 | K25: 855 | P25: =IF(N25="","",N25) | Q25: =IF(O25="","",O25) | T25: 861 | U25: {=IF(T25="","",ROUND(T25*Fac_Trefoil,0))} -> 732 | Y25: 0.17 | Z25: 0.145 | AC25: 0.185 | AD25: =IF(AC25="","",AC25*SQRT(3)/2) -> 0.1602147
A27: Factors
B28: 0.85 | C28: Single-core 3-phase trefoil rating factor (x 2-cable single-phase rating). DERIVED ASSUMPTION – datasheet gives single-phase only. Replace F|3 with manufacturer 3-phase trefoil ratings when available.
A30: Notes: H07RN-F (EN 50525-2-21) is a flexible cable for free air / on surface / tray (ref methods C, E, F). No ratings are given for conduit (B) or buried (D) – the calculator blocks those. Copper only. Datasheet ratings per BS 7671 Table 4F1A / IEC 60364-5-52. Ambient derating (datasheet): 35°C 0.95, 40°C 0.91, 45°C 0.86, 50°C 0.82 – enter in column L on 'Cables Sizes'.
